year,month,법무부?KTO,,,일본 JNTO,,중국 국가관광국,,대만 교통부 관광국,,홍콩 정부관광국,,태국 정부관광국,,베트남 정부 관광국,,마카오정부 관광국,,싱가포르 정부관광국,,스리랑카 관광국,,필리핀 관광청,,캄보디아 관광청,,인도네시아관광국,,말레이시아 정부 관광국,,이스라엘 관광국,,터키 관광국,,몽골 통계청,,몰디브 관광국,,미얀마 관광국,,인도 관광청,,키프로스 통계청,,부탄 관광국,,요르단 관광국,,라오스 통계청,,네팔 관광국,,예멘 관광국,
,,출국자수,국적기준,,입국자 수,국적기준,입국자 수,국적기준,입국자 수,거주지 기준,입국자 수,거주지 기준,입국자 수,국적기준,입국자 수,국적 기준,입국자 수,국적 기준,입국자 수,거주지 기준,입국자 수,거주국기준,입국자 수,거주지 기준,입국자 수,거주지 기준,입국자 수,거주국기준,입국자 수,거주지 기준,입국자 수,거주국기준,입국자 수,국적 기준,입국자 수,거주국기준,입국자 수,거주국기준,입국자 수,거주국기준,입국자 수,거주국기준,입국자 수,거주국기준,입국자 수,거주국기준,입국자 수,거주국기준,입국자 수,거주국기준,입국자 수,거주국기준,입국자 수,거주국기준
,,명수,전년대비,,명수,전년대비,명수,전년대비,명수,전년대비,명수,전년대비,명수,전년대비,명수,전년대비,명수,전년대비,명수,전년대비,명수,전년대비, 명수 ,전년대비, 명수 ,전년대비,명수,전년대비,명수,전년대비,명수,전년대비,명수,전년대비,명수,전년대비,명수,전년대비,명수,전년대비,명수,전년대비,명수,전년대비,명수,전년대비,명수,전년대비,명수,전년대비,명수,전년대비,명수,전년대비
2004년,1월,"793,478",,,"164,785",,"186,246",,"12,193",,"37,006",,"102,299",,,,"5,677",,"30,255",,,,"37,526",,,,,,"5,892",,"2,562",,,,,,,,,,"16,886",,,,,,,,,,,,,
2004년,2월,"670,447",,,"142,718",,"215,373",,"13,916",,"37,513",,"59,455",,,,"3,770",,"29,835",,,,"32,196",,,,,,"6,901",,"2,234",,,,,,,,,,,,,,,,,,,,,,,
2004년,3월,"587,629",,,"112,516",,"190,382",,"12,077",,"37,622",,"47,499",,,,"3,098",,"25,853",,,,"25,858",,,,,,"3,394",,"1,710",,,,,,,,,,,,,,,,,,,,,,,
2004년,4월,"642,413",,,"120,427",,"223,062",,"12,802",,"44,722",,"58,876",,,,"4,163",,"26,705",,,,"26,749",,,,,,"3,278",,"1,464",,,,,,,,,,,,,,,,,,,,,,,
2004년,5월,"680,185",,,"115,659",,"202,592",,"11,188",,"38,076", ,"71,516",,,,"3,729",,"31,469",,,,"29,353",,,,,,"6,121",,"1,175",,,,,,,,,,,,,,,,,,,,,,,
2004년,6월,"712,260",,,"116,269",,"227,553",,"12,724",,"41,469",,"70,418",,,,"4,082",,"29,905",,,,"27,389",,,,,,"7,470",,"1,297",,,,,,,,,,,,,,,,,,,,,,,
2004년,7월,"897,234",,,"160,770",,"284,034",,"11,197",,"49,663",,"74,736",,,,"5,738",,"35,560",,,,"31,148",,,,,,"6,631",,"1,269",,,,,,,,,,,,,,,,,,,,,,,
2004년,8월,"930,573",,,"170,182",,"334,568",,"11,628",,"52,703",,"89,965",,,,"7,230",,"38,530",,,,"35,341",,,,,,"9,456",,"2,952",,,,,,,,,,,,,,,,,,,,,,,
2004년,9월,"682,244",,,"113,083",,"239,549",,"11,686",,"44,670",,"65,546",,,,"6,322",,"25,956",,,,"26,187",,,,,,"11,996",,846,,,,,,,,,,,,,,,,,,,,,,,
2004년,10월,"757,538",,,"122,877",,"272,800",,"11,811",,"48,786",,"77,567",,,,"6,688",,"26,935",,,,"29,445",,,,,,"10,403",,"1,427",,,,,,,,,,"13,011",,,,,,,,,,,,,
2004년,11월,"745,887",,,"128,369",,"243,734",,"13,879",,"55,822",,"103,051",,,,"7,453",,"31,623",,,,"39,294",,,,,,"8,982",,838,,,,,,,,,,,,,,,,,,,,,,,
2004년,12월,"725,697",,,"120,817",,"225,000",,"12,994",,"51,138",,"89,963",,,,"7,681",,"28,244",,,,"38,116",,,,,,"10,746",,729,,,,,,,,,,,,,,,,,,,,,,,
2005년,1월,"897,406",13.10%,,"174,775",6.10%,"301,458",61.90%,"19,213",57.60%,"53,643",45.00%,"52,732",-48.50%,"25,326",,"12,988",128.80%,"20,390",-32.60%,,,"45,130",20.30%,,,"15,726",-48.70%,"11,461",94.50%,"3,280",28.00%,,,,,,,,,"14,619",-13.40%,0,,,,"8,706",,,,,,,
2005년,2월,"745,998",11.30%,,"148,946",4.40%,"263,822",22.50%,"15,695",12.80%,"46,151",23.00%,"54,819",-7.80%,"26,261",,"9,682",156.80%,"24,546",-17.70%,,,"35,883",11.50%,,,"19,555",-12.50%,"12,450",80.40%,"3,249",45.40%,,,,,,,,,,,0,,,,,,,,,,,
2005년,3월,"707,058",20.30%,,"130,963",16.40%,"258,586",35.80%,"13,555",12.20%,"42,506",13.00%,"51,889",9.20%,"23,513",,"7,067",128.10%,"23,479",-9.20%,,,"32,478",25.60%,,,"17,323",-6.40%,"11,963",252.50%,"1,595",-6.70%,,,,,,,,,,,11,,,,,,,,,,,
2005년,4월,"762,096",18.60%,,"122,084",1.40%,"292,795",31.30%,"14,924",16.60%,"51,457",15.10%,"47,738",-18.90%,"25,928",,"8,225",97.60%,"29,034",8.70%,,,"34,180",27.80%,,,"20,772",15.30%,"10,926",233.30%,"1,852",26.50%,,,,,,,,,"8,283",,20,,,,,,,,,,,
2005년,5월,"802,497",18.00%,,"114,151",-1.30%,"303,391",49.80%,"16,167",44.50%,"50,832",33.50%,"62,025",-13.30%,"24,274",,"9,092",143.80%,"28,927",-8.10%,,,"37,510",27.80%,,,"22,945",4.80%,"12,026",96.50%,"1,719",46.30%,,,,,,,,,,,0,,,,,,,,,,,
2005년,6월,"865,693",21.50%,,"133,177",14.50%,"305,043",34.10%,"16,919",33.00%,"57,555",38.80%,"76,232",8.30%,"28,188",,"9,246",126.50%,"32,366",8.20%,,,"39,800",45.30%,,,"21,648",18.70%,"10,620",42.20%,"2,445",88.50%,,,,,,,,,,,0,,,,,,,,,,,
2005년,7월,"1,020,757",13.80%,,"170,420",6.00%,"336,050",18.30%,"14,237",27.20%,"57,983",16.80%,"82,743",10.70%,"25,624",,"10,235",78.40%,"42,961",20.80%,,,"47,265",51.70%,,,"30,276",50.00%,"16,227",144.70%,"1,693",33.40%,,,,,,,,,"12,623",,0,,,,,,,,,,,
2005년,8월,"1,070,289",15.00%,,"193,279",13.60%,"393,475",17.60%,"16,092",38.40%,"61,937",17.50%,"88,053",-2.10%,"32,408",,"11,708",61.90%,"42,791",11.10%,,,"46,366",31.20%,,,"27,500",20.10%,"18,067",91.10%,"4,394",48.80%,,,,,,,,,,,0,,,,,,,,,,,
2005년,9월,"785,549",15.10%,,"130,269",15.20%,"284,540",18.80%,"12,056",3.20%,"52,034",16.50%,"58,794",-10.30%,"22,975",,"7,553",19.50%,"25,572",-1.50%,,,"30,481",16.40%,,,"20,840",68.50%,"14,425",20.20%,"1,071",26.60%,,,,,,,,,,,0,,,,,,,,,,,
2005년,10월,"848,088",12.00%,,"146,650",19.30%,"314,111",15.10%,"14,055",19.00%,"57,183",17.20%,"75,330",-2.90%,"27,588",,"9,594",43.50%,"30,060",11.60%,,,"42,044",42.80%,,,"18,038",13.90%,"11,202",7.70%,"1,838",28.80%,,,,,,,,,"14,320",10.10%,0,,,,,,,,,,,
2005년,11월,"784,031",5.10%,,"140,442",9.40%,"255,440",4.80%,"15,199",9.50%,"53,115",-4.80%,"81,795",-20.60%,"27,656",,"10,870",45.80%,"31,277",-1.10%,,,"47,685",21.40%,,,"30,936",62.30%,"14,208",58.20%,907,8.20%,,,,,,,,,,,20,,,,,,,,,,,
2005년,12월,"790,681",9.00%,,"142,015",17.50%,"234,074",4.00%,"14,405",10.90%,"58,084",13.60%,"84,351",-6.20%,"27,472",,"14,479",88.50%,"32,789",16.10%,,,"50,643",32.90%,,,"17,797",-33.00%,"14,602",35.90%,"1,845",153.10%,,,,,,,,,,,0,,,,,,,,,,,
2006년,1월,"985,287",9.80%,,"192,590",10.20%,"268,689",-10.90%,"20,001",4.10%,"60,723",13.20%,"118,919",125.50%,"38,758",53.00%,"18,451",42.10%,"40,604",99.10%,660,,"58,583",29.80%,,,"23,988",52.50%,"15,051",31.30%,"3,615",10.20%,,,"25,753",,,,"1,316",,"22,601",54.60%,0,-,,,"11,824",35.80%,,,,,,
2006년,2월,"944,596",26.60%,,"174,239",17.00%,"322,009",22.10%,"18,518",18.00%,"59,013",27.90%,"113,858",107.70%,"42,231",60.80%,"18,200",88.00%,"40,835",66.40%,451,,"47,678",32.90%,,,"23,621",20.80%,"17,705",42.20%,"5,782",78.00%,,,,,,,"1,127",,,,0,-,,,,,,,,,,
2006년,3월,"823,918",16.50%,,"149,071",13.80%,"270,025",4.40%,"15,970",17.80%,"53,903",26.80%,"91,948",77.20%,"40,629",72.80%,"12,279",73.80%,"36,144",53.90%,482,,"38,507",18.60%,,,"22,605",30.50%,"15,529",29.80%,"3,560",123.20%,,,,,,,"1,115",,,,0,-100.00%,,,,,,,,,,
2006년,4월,"855,083",12.20%,,"162,657",33.20%,"296,361",1.20%,"13,682",-8.30%,"55,107",7.10%,"76,343",59.90%,"33,282",28.40%,"10,509",27.80%,"31,775",9.40%,322,,"39,115",14.40%,,,"23,086",11.10%,"14,233",30.30%,"2,660",43.60%,,,,,,,684,,"10,772",30.10%,0,-100.00%,,,,,,,,,,
2006년,5월,"906,482",13.00%,,"161,080",41.10%,"318,514",5.00%,"14,007",-13.40%,"52,803",3.90%,"79,708",28.50%,"27,155",11.90%,"10,705",17.70%,"34,237",18.40%,375,,"41,376",10.30%,,,"24,454",6.60%,"12,685",5.50%,"2,172",26.40%,,,,,,,"1,106",,,,9,-,,,,,,,,,,
2006년,6월,"915,942",5.80%,,"153,706",15.40%,"309,209",1.40%,"16,478",-2.60%,"52,135",-9.40%,"77,669",1.90%,"25,839",-8.30%,"10,482",13.40%,"36,325",12.20%,361,,"42,158",5.90%,,,"22,741",5.00%,"13,686",28.90%,"1,823",-25.40%,,,,,,,"2,143",,,,13,-,,,,,,,,,,
2006년,7월,"1,098,740",7.60%,,"197,622",16.00%,"363,925",8.30%,"14,462",1.60%,"60,239",3.90%,"89,563",8.20%,"28,534",11.40%,"13,314",30.10%,"45,671",6.30%,581,,"53,891",14.00%,,,"23,438",-22.60%,"15,781",-2.70%,"1,704",0.60%,,,"14,177",,,,"2,857",,"16,827",33.30%,0,-,,,,,,,,,,
2006년,8월,"1,159,874",8.40%,,"220,332",14.00%,"407,126",3.50%,"16,598",3.10%,"67,950",9.70%,"96,122",9.20%,"37,756",16.50%,"15,697",34.10%,"44,853",4.80%,637,,"47,251",1.90%,,,"25,713",-6.50%,"18,751",3.80%,974,-77.80%,,,,,,,"3,096",,,,0,-,,,,,,,,,,
2006년,9월,"931,946",18.60%,,"156,451",20.10%,"334,169",17.40%,"13,004",7.90%,"51,784",-0.50%,"68,166",15.90%,"32,012",39.30%,"9,321",23.40%,"29,314",14.60%,411,,"37,921",24.40%,,,"22,375",7.40%,"14,846",2.90%,"1,068",-0.30%,,,,,,,872,,,,16,-,,,,,,,,,,
2006년,10월,"984,649",16.10%,,"187,601",27.90%,"371,216",18.20%,"16,737",19.10%,"61,428",7.40%,"77,956",3.50%,"32,746",18.70%,"11,394",18.80%,"35,012",16.50%,232,,"46,359",10.30%,,,"24,307",34.80%,"14,249",27.20%,"1,781",-3.10%,,,,,,,"1,174",,"20,207",41.10%,0,-,,,,,,,,,,
2006년,11월,"987,488",26.00%,,"177,298",26.20%,"333,138",30.40%,"17,763",16.90%,"64,470",21.40%,"100,890",23.30%,"39,434",42.60%,"13,406",23.30%,"43,778",40.00%,441,,"58,438",22.60%,,,"32,861",6.20%,"19,820",39.50%,"1,682",85.40%,,,,,,,"1,396",,,,10,-50.00%,,,,,,,,,,
2006년,12월,"1,015,874",28.50%,,"184,678",30.00%,"327,636",40.00%,"19,040",32.20%,"79,203",36.40%,"101,641",20.50%,"43,428",58.10%,"18,951",30.90%,"36,113",10.10%,345,,"60,856",20.20%,,,"29,039",63.20%,"17,128",17.30%,"1,214",-34.20%,,,,,,,"1,379",,,,0,-,,,,,,,,,,
2007년,1월,"1,281,530",30.10%,,"240,350",24.80%,"410,312",52.70%,"24,548",22.70%,"79,438",30.80%,"126,492",6.40%,"48,442",25.00%,"25,627",38.90%,"46,725",15.10%,759,15.00%,"70,733",20.70%,"47,808",,"33,501",39.70%,"27,254",81.10%,"4,910",35.80%,,,"11,657",-54.70%,,,"2,405",82.80%,"27,236",20.50%,0,-,,,"12,811",8.30%,,,"2,548",,178,
2007년,2월,"982,591",4.00%,,"202,365",16.10%,"349,648",8.60%,"18,583",0.40%,"64,272",8.90%,"86,443",-24.10%,"44,722",5.90%,"16,886",-7.20%,"31,395",-23.10%,396,-12.20%,"49,579",4.00%,"34,676",,"22,552",-4.50%,"19,973",12.80%,"4,526",-21.70%,,,,,,,"1,348",19.60%,,,0,-,,,,,,,"1,261",,115,
2007년,3월,"1,046,055",27.00%,,"188,721",26.60%,"392,147",45.20%,"20,390",27.70%,"64,220",19.10%,"96,387",4.80%,"49,367",21.50%,"14,218",15.80%,"41,943",16.00%,289,-40.00%,"51,404",33.50%,"38,827",,"26,946",19.20%,"19,756",27.20%,"3,730",4.80%,,,,,,,"1,541",38.20%,,,16,-,,,,,,,996,,105,
2007년,4월,"989,018",15.70%,,"190,558",17.20%,"372,435",25.70%,"16,312",19.20%,"59,216",7.50%,"76,757",0.50%,"45,000",35.20%,"13,901",32.30%,"32,193",1.30%,306,-5.00%,"41,378",5.80%,"28,858",,"24,052",4.20%,"16,230",14.00%,"3,669",37.90%,,,,,,,961,40.50%,"14,548",35.10%,15,-,,,,,,,677,,65,
2007년,5월,"1,107,498",22.20%,,"211,355",31.20%,"418,467",31.40%,"17,487",24.80%,"65,183",23.40%,"82,439",3.40%,"35,698",31.50%,"15,983",49.30%,"34,393",0.50%,246,-34.40%,"50,686",22.50%,"24,837",,"29,589",21.00%,"13,222",4.20%,"2,630",21.10%,,,,,,,917,-17.10%,,,30,233.30%,,,,,,,447,,151,
2007년,6월,"1,064,076",16.20%,,"190,330",23.80%,"390,621",26.30%,"16,673",1.20%,"61,598",18.20%,"77,003",-0.90%,"40,126",55.30%,"15,325",46.20%,"37,829",4.10%,354,-1.90%,"48,538",15.10%,"24,413",,"27,530",21.10%,"12,814",-6.40%,"2,677",46.80%,,,,,,,952,-55.60%,,,17,30.80%,,,,,,,533,,111,
2007년,7월,"1,297,398",18.10%,,"254,234",28.60%,"448,600",23.30%,"15,946",10.30%,"77,832",29.20%,"91,551",2.20%,"33,045",15.80%,"17,714",33.00%,"46,087",0.90%,456,-21.50%,"62,692",16.30%,"21,962",,"31,048",32.50%,"21,377",35.50%,"1,951",14.50%,,,"20,616",45.40%,,,"1,303",-54.40%,"21,146",25.70%,19,-,,,,,,,"1,287",,185,
2007년,8월,"1,308,664",12.80%,,"271,377",23.20%,"481,518",18.30%,"18,648",12.40%,"88,813",30.70%,"96,102",0.00%,"39,469",4.50%,"22,680",44.50%,"45,882",2.30%,354,-44.40%,"54,640",15.60%,"21,741",,"28,685",11.60%,"22,118",18.00%,"2,874",195.10%,,,,,,,"1,031",-66.70%,,,0,-,,,,,,,999,,37,
2007년,9월,"1,015,650",9.00%,,"201,286",28.70%,"361,155",8.10%,"17,686",36.00%,"66,497",28.40%,"70,859",4.00%,"37,257",16.40%,"17,141",83.90%,"30,224",3.10%,309,-24.80%,"43,061",13.60%,"15,211",,"23,566",5.30%,"14,251",-4.00%,"1,160",8.60%,,,,,,,784,-10.10%,,,0,-100.00%,,,,,,,873,,58,
2007년,10월,"1,078,092",9.50%,,"222,737",18.70%,"414,382",11.60%,"15,482",-7.50%,"67,708",10.20%,"77,173",-1.00%,"31,305",-4.40%,"16,824",47.70%,"33,353",-4.70%,369,59.10%,"49,699",7.20%,"20,239",,"28,718",18.10%,"13,546",-4.90%,"2,208",24.00%,,,,,,,495,-57.80%,"21,653",7.20%,25,-,,,,,,,863,,68,
2007년,11월,"1,072,557",8.60%,,"218,488",23.20%,"379,382",13.90%,"21,100",18.80%,"81,131",25.80%,"96,597",-4.30%,"38,481",-2.40%,"20,476",52.70%,"43,948",0.40%,567,28.60%,"63,988",9.50%,"23,226",,"32,219",-2.00%,"28,343",43.00%,"2,344",39.40%,,,,,,,720,-48.40%,,,11,10.00%,,,,,,,979,,49,
2007년,12월,"1,081,848",6.50%,,"209,000",13.20%,"358,085",9.30%,"22,959",20.60%,"100,323",26.70%,"105,849",4.10%,"43,462",0.10%,"28,642",51.10%,"39,638",9.80%,465,34.80%,"66,912",10.00%,"28,111",,"28,840",-0.70%,"15,983",-6.70%,"1,157",-4.70%,,,,,,,"1,364",-1.10%,,,0,-,,,,,,,"1,050",,120,
2008년,1월,"1,322,909",3.20%,,"271,700",13.00%,"426,625",4.00%,"32,744",33.40%,"101,818",28.20%,"118,417",-6.40%,"47,209",-2.50%,"35,580",38.80%,"50,432",7.90%,630,-17.00%,"69,522",-1.70%,"36,472",-23.70%,"33,112",-1.20%,"26,216",-3.80%,"5,692",15.90%,"14,478",,"14,635",25.50%,,,"2,135",-11.20%,"28,809",5.80%,0,-,97,,"14,530",13.40%,,,"2,678",5.10%,117,-3.80%
2008년,2월,"1,132,463",15.30%,,"234,900",16.10%,"397,565",13.70%,"28,894",55.50%,"96,445",50.10%,"99,834",15.50%,"47,485",6.20%,"33,682",99.50%,"40,998",30.60%,402,1.50%,"56,832",14.60%,"31,197",-10.00%,"26,154",16.00%,"26,603",33.20%,"6,257",38.20%,"9,545",,,,,,"1,405",4.20%,,,0,-,,,,,,,"1,416",12.30%,112,33.20%
2008년,3월,"983,589",-6.00%,,"187,500",-0.60%,"349,458",-11.00%,"21,292",4.40%,"72,756",13.30%,"85,840",-10.90%,"46,737",-5.30%,"22,418",36.60%,"39,683",-5.40%,312,8.00%,"48,793",-5.10%,"29,867",-23.10%,"29,470",9.40%,"21,760",10.10%,"3,413",-8.50%,"9,440",,,,,,"1,381",-10.40%,,,0,-100.00%,,,,,,,"1,197",20.20%,126,10.10%
2008년,4월,"1,026,750",3.80%,,"203,800",6.90%,"368,551",-1.00%,"21,654",32.80%,"69,794",17.90%,"76,784",0.00%,"41,475",-7.80%,"19,164",0.80%,"33,946",5.40%,402,31.40%,"45,382",9.70%,"24,810",-14.00%,"23,759",-1.20%,"21,229",30.80%,"4,169",13.60%,"13,006",,,,,,753,-21.60%,"15,721",8.10%,0,-100.00%,,,,,,,607,-10.30%,32,30.80%
2008년,5월,"1,099,977",-0.70%,,"229,000",8.30%,"380,551",-9.10%,"23,256",33.00%,"86,465",32.60%,"78,793",-4.40%,"38,479",7.80%,"26,232",64.70%,"36,412",5.90%,288,17.10%,"49,476",-2.40%,"19,870",-20.00%,"30,802",4.10%,"22,457",69.80%,"3,058",16.30%,"12,685",,,,,,583,-36.40%,,,0,-100.00%,,,,,,,639,43.00%,68,69.80%
2008년,6월,"1,004,715",-5.60%,,"195,700",2.80%,"304,727",-22.00%,"23,442",40.60%,"73,435",19.20%,"77,235",0.30%,"24,221",-39.60%,"21,424",39.80%,"35,998",-4.80%,285,-19.50%,"52,711",8.60%,"18,230",-25.30%,"29,357",6.60%,"20,348",58.80%,"1,899",-29.10%,"9,711",,,,,,787,-17.30%,,,0,-100.00%,,,,,,,497,-6.80%,57,-48.60%
2008년,7월,"1,135,843",-12.50%,,"237,947",-6.40%,"327,184",-27.10%,"18,310",14.80%,"78,498",2.90%,"80,120",-12.50%,"32,443",-1.80%,"22,828",28.90%,"39,614",-14.00%,453,-0.70%,"57,903",-7.60%,"19,470",-11.30%,"27,698",-10.80%,"27,512",28.70%,"1,756",-10.00%,"11,274",,"28,761",39.50%,,,985,-24.40%,"20,749",-1.90%,0,-100.00%,,,,,,,"1,274",-1.00%,89,-51.90%
2008년,8월,"1,163,809",-11.10%,,"248,154",-8.60%,"341,625",-29.10%,"22,410",20.20%,"88,001",-0.90%,"85,350",-11.20%,"49,786",26.10%,"30,415",34.10%,"42,338",-7.70%,339,-4.20%,"52,803",-3.40%,"21,816",0.30%,"32,355",12.80%,"27,473",24.20%,"1,974",-31.30%,"10,524",,,,,,"1,093",6.00%,,,0,-,,,,,,,871,-12.80%,101,173.00%
2008년,9월,"818,747",-19.40%,,"159,523",-20.70%,"273,132",-24.40%,"16,448",-7.00%,"55,338",-16.80%,"38,211",-46.10%,"30,417",-18.40%,"16,774",-2.10%,"25,914",-14.30%,216,-30.10%,"36,965",-14.20%,"14,699",-3.40%,"23,347",-0.90%,"18,617",30.60%,"2,483",114.10%,"7,923",,,,,,706,-9.90%,,,0,-,,,,,,,526,-39.70%,37,-36.20%
2008년,10월,"932,716",-13.50%,,"188,804",-15.20%,"334,680",-19.20%,"17,392",12.30%,"66,823",2.60%,"59,713",-22.60%,"33,898",8.30%,"19,889",18.20%,"30,930",-7.30%,414,12.20%,"45,007",-9.40%,"18,457",-8.80%,"29,941",4.30%,"19,257",42.20%,"3,000",35.90%,"8,990",,,,,,816,64.80%,"14,524",-32.90%,0,-100.00%,,,,,,,"1,074",24.40%,95,39.70%
2008년,11월,"707,012",-34.10%,,"117,518",-46.20%,"238,319",-37.20%,"14,219",-32.60%,"56,108",2.30%,"54,854",-43.20%,"24,360",-36.70%,"15,028",-26.60%,"24,442",-44.40%,301,-46.90%,"44,441",-30.50%,"16,553",-28.70%,"26,879",-16.60%,"17,323",-38.90%,"2,700",15.20%,"7,033",,,,,,853,18.50%,,,0,-100.00%,,,,,,,827,-15.50%,73,49.00%
2008년,12월,"667,564",-38.30%,,"108,002",-48.30%,"217,975",-39.10%,"12,205",-46.80%,"58,839",-41.40%,"33,193",-68.60%,"32,727",-24.70%,"16,360",-42.90%,"22,304",-43.70%,258,-44.50%,"51,794",-22.60%,"15,084",-46.30%,"24,272",-15.80%,"18,666",16.80%,"1,200",3.70%,"4,891",,,,,,872,-36.10%,,,0,-,,,,,,,950,-9.50%,146,21.70%
2009년,1월,"812,901",-38.60%,,"129,756",-52.20%,"238,000",-44.20%,"16,057",-51.00%,"58,451",-42.60%,"56,484",-52.30%,"30,934",-34.50%,"18,489",-48.00%,"25,516",-49.40%,376,-40.30%,"54,753",-21.20%,"22,524",-38.20%,"17,339",-47.60%,"23,690",-9.60%,"1,500",-73.60%,"5,730",-60.40%,"11,084",-24.30%,523,,"1,190",-44.30%,"17,128",-40.50%,0,-,49,-49.50%,"9,119",-37.20%,"2,222",,"1,208",-54.90%,,
2009년,2월,"753,642",-33.50%,,"106,929",-54.50%,"277,900",-30.10%,"16,897",-41.50%,"54,222",-43.80%,"57,782",-42.10%,"39,271",-17.30%,"15,849",-52.90%,"27,387",-33.20%,290,-27.90%,"42,091",-25.90%,"22,045",-29.30%,"24,258",-7.20%,"19,693",-26.00%,"1,800",-71.20%,"4,819",-49.50%,,,768,,"1,093",-22.20%,,,0,-,,,,,"1,433",,"1,046",-26.10%,,
2009년,3월,"702,043",-28.60%,,"108,350",-42.20%,"242,700",-30.50%,"14,458",-32.10%,"44,204",-39.20%,"49,867",-41.90%,"32,572",-30.30%,"13,482",-39.90%,"20,759",-47.70%,429,37.50%,"38,116",-21.90%,"19,370",-35.10%,"20,387",-30.80%,"16,471",-24.30%,"2,300",-32.60%,"6,063",-35.80%,,,978,,909,-34.20%,,,0,-,,,,,"1,394",,788,-34.20%,,
2009년,4월,"734,681",-28.40%,,"113,313",-44.40%,"264,300",-28.30%,"13,294",-38.60%,"50,589",-27.50%,"45,094",-41.30%,"31,285",-24.60%,"16,279",-15.10%,"21,323",-37.20%,134,-66.70%,"39,083",-13.90%,"16,744",-32.50%,"21,651",-8.90%,"18,122",-14.60%,"1,600",-61.60%,"7,718",-40.70%,,,"1,264",,739,-1.90%,"13,604",-13.50%,25,-,,,,,974,,"1,050",73.00%,,
2009년,5월,"737,396",-33.00%,,"117,897",-48.50%,"269,000",-29.30%,"14,163",-39.10%,"48,796",-43.60%,"42,883",-45.60%,"37,659",-2.10%,"17,414",-33.60%,"21,854",-40.00%,252,-12.50%,"40,392",-18.40%,"13,269",-33.20%,"20,851",-32.30%,"17,520",-22.00%,"1,200",-60.80%,"7,080",-44.20%,,,"1,985",,756,29.70%,,,0,-,,,,,"1,036",,492,-23.00%,,
2009년,6월,"731,137",-27.20%,,"104,237",-46.70%,"245,800",-19.30%,"13,327",-43.10%,"42,923",-41.50%,"42,813",-44.60%,"24,956",3.00%,"13,704",-36.00%,"20,991",-41.70%,231,-18.90%,"38,065",-27.80%,"12,393",-32.00%,"22,183",-24.40%,"16,934",-16.80%,"1,900",0.10%,"7,658",-21.10%,,,"1,417",,905,15.00%,,,35,-,,,,,941,,771,55.10%,,
2009년,7월,"996,695",-12.30%,,"170,240",-28.50%,"312,000",-4.60%,"14,367",-21.50%,"59,359",-24.40%,"58,970",-26.40%,"23,906",-26.30%,"20,400",-10.60%,"30,389",-23.30%,488,7.70%,"49,083",-15.20%,"17,384",-10.70%,"26,714",-3.60%,"22,297",-19.00%,"1,800",2.50%,"10,706",-5.00%,"10,299",-44.00%,763,,"1,186",20.40%,"20,229",-2.50%,0,-,,,,,"2,340",,"1,310",2.80%,,
2009년,8월,"1,041,527",-10.50%,,"190,987",-23.00%,"351,500",2.90%,"13,886",-38.00%,"66,398",-24.50%,"64,965",-23.90%,"36,386",-26.90%,"25,727",-15.40%,"32,332",-23.60%,380,12.10%,"47,185",-10.60%,"18,170",-16.70%,"25,550",-21.00%,"23,305",-15.20%,"1,700",-13.90%,"10,350",-1.70%,,,878,,"1,236",13.10%,,,0,-,,,,,"1,574",,"1,052",20.80%,,
2009년,9월,"658,487",-19.60%,,"105,470",-33.90%,"233,600",-14.50%,"11,630",-29.30%,"36,080",-34.80%,"28,467",-25.50%,"25,389",-16.50%,"11,891",-29.10%,"15,714",-39.40%,218,0.90%,"25,114",-32.10%,"15,156",3.10%,"14,100",-39.60%,"13,743",-26.20%,"2,300",-7.40%,"7,155",-9.70%,,,"1,442",,946,34.00%,,,0,-,,,,,"1,096",,658,25.10%,,
2009년,10월,"714,880",-23.40%,,"131,195",-30.50%,"255,700",-23.60%,"10,817",-37.80%,"42,211",-36.80%,"38,512",-35.50%,"15,109",-55.40%,"13,724",-31.00%,"16,069",-48.00%,372,-10.10%,"26,649",-40.80%,"10,274",-44.30%,"20,661",-31.00%,"14,228",-26.10%,"1,900",-36.70%,"7,727",-14.00%,"5,806",,"2,032",,960,17.60%,"19,524",34.40%,0,-,,,,,"1,315",,"1,120",4.30%,,
2009년,11월,"721,940",2.10%,,"130,371",10.90%,"236,700",-0.70%,"12,617",-11.30%,"48,428",-13.70%,"52,109",-5.00%,"29,917",22.80%,"15,144",0.80%,"19,619",-19.70%,292,-3.00%,"40,780",-8.20%,"12,086",-27.00%,"20,200",-24.80%,"20,816",20.20%,"1,600",-40.70%,"6,168",-12.30%,,,"2,673",,"1,462",71.40%,,,0,-,,,,,"1,513",,"1,109",34.10%,,
2009년,12월,"888,782",33.10%,,"178,027",64.80%,"270,300",24.00%,"16,128",32.10%,"67,033",13.90%,"80,281",141.90%,"34,731",6.10%,"22,664",38.50%,"20,029",-10.20%,233,-9.70%,"56,625",9.30%,"18,310",21.40%,"21,654",-10.80%,"20,493",9.80%,"1,300",8.30%,"7,974",63.00%,,,"1,403",,"1,126",29.10%,,,0,-,,,,,"2,038",,"1,188",25.10%,,
2010년,1월,"1,118,261",37.60%,,"232,053",78.80%,"315,200",32.40%,"18,078",12.60%,"82,126",40.50%,"92,186",63.20%,"43,041",39.10%,"30,302",63.90%,"39,432",54.50%,591,57.20%,"71,906",31.30%,"84,062",31.50%,"27,663",69.50%,"28,250",19.20%,"5,800",286.70%,"10,095",76.20%,"1,599",36.40%,"1,128",115.70%,"1,951",63.90%,"29,536",72.40%,0,-,182,271.40%,"13,479",47.80%,"3,228",45.30%,"2,261",87.20%,,
2010년,2월,"908,103",20.50%,,"197,784",85.00%,"283,400",2.00%,"18,063",6.90%,"72,873",34.40%,"74,089",28.20%,"44,284",12.80%,"27,608",74.20%,"29,588",8.00%,441,52.10%,"50,756",20.60%,,,"20,562",-14.80%,"23,966",21.70%,"4,100",127.80%,"7,650",58.70%,,,772,0.50%,"1,063",-2.70%,,,0,-,,,,,"1,871",30.60%,"1,272",21.60%,,
2010년,3월,"950,185",35.30%,,"169,295",56.20%,"334,500",37.80%,"18,603",28.70%,"70,336",59.10%,"75,386",51.20%,"45,722",40.40%,"25,243",87.20%,"30,108",45.00%,360,-16.10%,"52,060",36.60%,,,"22,649",18.40%,"18,975",15.20%,"4,000",73.90%,"9,768",61.10%,,,"1,442",47.40%,"1,560",71.60%,,,50,-,,,,,"2,020",44.90%,"1,325",68.10%,,
2010년,4월,"935,904",27.40%,,"189,582",67.30%,"336,500",27.30%,"15,789",18.80%,"65,361",29.20%,"51,901",15.10%,"43,152",37.90%,"25,268",55.20%,"24,772",16.20%,246,83.60%,"48,128",23.10%,"41,393",37.90%,"20,049",-1.80%,"20,040",10.60%,"4,300",168.80%,"12,184",57.90%,"13,521",,"2,194",73.60%,"1,175",59.00%,"21,411",57.40%,0,-100.00%,,,,,"1,962",101.40%,"1,263",20.30%,,
2010년,5월,"1,023,815",38.80%,,"201,484",70.90%,"351,200",30.60%,"19,286",36.20%,"70,554",44.60%,"44,447",3.60%,"40,716",8.10%,"25,341",45.50%,"32,153",47.10%,247,-2.00%,"56,566",40.00%,,,"24,041",21.70%,"20,047",14.40%,"2,800",133.30%,"12,320",74.00%,,,"4,942",149.00%,"1,367",80.80%,,,0,-,,,,,"1,615",55.90%,423,-14.00%,,
2010년,6월,"997,597",36.40%,,"179,088",71.80%,"341,000",38.70%,"17,023",27.70%,"58,162",35.50%,"44,454",3.80%,"35,448",42.00%,"21,332",55.70%,"30,024",43.00%,303,31.20%,"54,201",42.40%,"65,326",36.20%,"24,066",17.60%,"19,788",16.90%,"3,000",57.90%,"10,195",33.10%,,,"1,517",7.10%,"1,379",52.40%,,,0,-100.00%,,,,,"1,912",103.20%,499,-35.30%,,
2010년,7월,"1,223,723",22.80%,,"236,092",38.70%,"387,100",24.10%,"17,172",19.50%,"76,011",28.10%,"63,314",7.40%,"36,827",54.00%,"28,590",40.10%,"32,665",7.50%,443,-9.20%,"72,731",48.20%,,,"26,961",10.60%,"30,500",36.80%,"3,100",72.20%,"12,250",14.40%,"21,658",110.30%,969,27.00%,"1,714",44.50%,"23,992",18.60%,16,-,,,,,"2,822",20.60%,"1,282",-2.10%,,
2010년,8월,"1,235,742",18.60%,,"246,882",29.30%,"416,300",18.40%,"19,934",43.60%,"90,091",35.70%,"69,738",7.30%,"42,328",16.30%,"36,071",40.20%,"34,169",5.70%,456,20.00%,"68,047",44.20%,,,"27,256",15.10%,"27,108",16.30%,"1,900",11.80%,"11,252",8.70%,,,943,7.40%,"1,724",39.50%,,,0,-,,,,,"2,935",86.50%,"1,353",28.60%,,
2010년,9월,"1,013,123",53.90%,,"193,975",83.90%,"324,900",39.10%,"17,953",54.40%,"74,638",106.90%,"59,148",107.80%,"33,861",33.40%,"29,475",147.90%,"25,649",63.20%,233,6.90%,"57,618",129.40%,"16,631",9.70%,"18,955",44.80%,"17,292",25.80%,"2,400",4.30%,"10,073",40.80%,,,"1,243",-13.80%,"1,281",35.40%,,,77,-,,,,,"2,179",98.80%,"1,001",52.10%,,
2010년,10월,"1,055,581",47.70%,,"193,829",47.70%,"372,900",45.80%,"17,103",58.10%,"66,466",57.50%,"71,717",86.20%,"39,197",159.40%,"21,931",59.80%,"28,993",80.40%,224,-39.80%,"59,991",125.10%,"82,290",102.30%,"25,020",27.80%,"14,943",5.00%,"3,200",68.40%,"11,386",47.40%,"5,453",-6.10%,"4,102",101.90%,"1,655",72.40%,"20,647",5.70%,0,-,,,,,"2,158",64.10%,"1,412",26.10%,,
2010년,11월,"1,004,902",39.20%,,"197,244",51.30%,"318,600",34.60%,"19,532",54.80%,"74,845",54.50%,"77,298",48.30%,"45,797",116.80%,"26,832",77.20%,"27,812",41.80%,458,56.80%,"67,393",65.30%,,,"23,019",17.40%,"22,000",5.70%,"2,300",43.80%,"8,678",40.70%,,,"3,898",45.80%,"1,952",33.50%,,,0,-,,,,,"2,305",52.30%,"1,607",44.90%,,
2010년,12월,"1,021,428",14.90%,,"202,508",13.70%,"294,800",9.10%,"18,365",13.90%,"89,561",33.60%,"81,767",1.90%,"45,529",99.40%,"33,775",49.00%,"25,250",26.10%,424,82.00%,"81,225",43.40%,,,"21,544",6.10%,"21,143",3.20%,"1,400",7.70%,"7,464",-6.40%,,,"1,658",18.20%,"2,109",87.30%,,,0,-,,,,,"2,305",13.10%,"1,453",22.30%,,
2011년,1월,"1,268,007",13.40%,,"268,368",15.60%,"323,200",2.50%,"24,316",30.80%,"102,546",24.90%,"116,450",26.30%,"51,794",20.30%,"42,127",39.00%,"41,070",4.20%,727,23.00%,"92,249",28.30%,"198,780",96.00%,"27,432",-0.70%,"27,995",-0.90%,"6,200",6.90%,"13,131",30.10%,"5,161",222.80%,"1,154",2.30%,"2,608",33.70%,"30,322",2.70%,0,-,407,123.60%,"17,859",32.50%,"4,254",31.80%,"2,720",20.30%,,
2011년,2월,"1,091,628",20.20%,,"231,640",17.10%,"320,800",13.20%,"23,190",28.40%,"90,597",24.30%,"96,958",30.90%,"50,718",14.50%,"39,332",42.50%,"36,810",24.40%,405,-8.20%,"73,619",45.00%,,,"24,731",20.30%,"18,144",-24.30%,"4,100",0.00%,"9,548",24.80%,,,"1,147",48.60%,"1,847",73.80%,,,24,-,,,,,"3,209",71.50%,"1,652",29.90%,,
2011년,3월,"868,694",-8.60%,,"89,121",-47.40%,"308,800",-7.70%,"19,531",5.00%,"66,392",-5.60%,"75,395",0.00%,"41,462",-9.30%,"24,971",-1.10%,"29,619",-1.60%,471,30.80%,"62,530",20.10%,,,"22,637",-0.10%,"16,505",-13.00%,"2,300",-42.50%,"11,317",15.90%,,,"1,257",-12.80%,"2,035",30.40%,,,0,-100.00%,,,,,"2,305",14.10%,"1,485",12.10%,,
2011년,4월,"867,487",-7.30%,,"63,790",-66.40%,"348,800",3.70%,"18,656",18.20%,"74,392",13.80%,"69,858",34.60%,"43,817",1.50%,"25,865",2.40%,"28,004",13.00%,315,28.00%,"57,620",19.70%,,,"22,239",10.90%,"15,795",-21.20%,"1,600",-62.80%,"13,025",6.90%,"11,039",-18.40%,"1,863",-15.10%,"1,213",3.20%,"25,322",18.30%,26,-,,,,,"2,198",12.00%,"1,310",3.70%,,
2011년,5월,"1,014,409",-0.90%,,"84,014",-58.30%,"384,900",9.60%,"20,413",5.80%,"83,827",18.80%,"79,706",79.30%,"38,488",-5.50%,"31,975",26.20%,"33,736",4.90%,328,32.80%,"67,289",19.00%,,,"24,317",1.10%,"19,599",-2.20%,"2,300",-17.90%,"15,305",24.20%,,,"3,031",-38.70%,"1,551",13.50%,,,58,-,,,,,"2,024",25.30%,821,94.10%,,
2011년,6월,"1,053,658",5.60%,,"103,817",-42.00%,"377,900",10.80%,"20,161",18.40%,"79,869",37.30%,"76,993",73.20%,"39,407",11.20%,"31,114",45.90%,"34,233",14.00%,369,21.80%,"76,262",40.70%,,,"25,475",5.90%,"19,086",-3.50%,"2,100",-30.00%,"13,678",34.20%,,,"1,869",23.20%,"1,759",27.60%,,,0,-,,,,,"2,585",35.20%,678,35.90%,,
2011년,7월,"1,241,629",1.50%,,"140,053",-40.70%,"395,400",2.10%,"17,752",3.40%,"89,604",17.90%,"95,806",51.30%,"38,948",5.80%,"35,337",23.60%,"40,587",24.30%,707,59.60%,"93,899",29.10%,,,"28,607",6.10%,"29,200",-4.30%,"2,500",-19.40%,"15,702",28.20%,"21,983",1.50%,"1,204",24.30%,"1,973",15.10%,"24,562",2.40%,70,337.50%,,,,,"3,541",25.50%,"1,588",23.90%,,
2011년,8월,"1,247,222",0.90%,,"147,030",-40.40%,"420,300",1.00%,"21,348",7.10%,"104,831",16.40%,"112,238",60.90%,"52,072",23.00%,"45,132",25.10%,"44,364",29.80%,462,1.30%,"91,750",34.80%,"28,765",,"26,461",-2.90%,"29,048",7.20%,"2,200",15.80%,"14,420",28.20%,,,"1,051",11.50%,"1,827",6.00%,,,87,-,,,,,"3,418",16.50%,"1,208",-10.70%,,
2011년,9월,"1,013,507",0.00%,,"122,436",-36.90%,"336,100",3.40%,"17,996",0.20%,"72,652",-2.70%,"74,198",25.40%,"23,449",-30.70%,"26,677",-9.50%,"30,112",17.40%,281,20.60%,"71,683",24.40%,"19,836",19.30%,"21,590",13.90%,"18,150",5.00%,"2,300",-4.20%,"12,891",28.00%,,,"1,893",52.30%,"1,487",16.10%,,,25,-67.50%,,,,,"2,341",7.40%,707,-29.40%,,
2011년,10월,"1,032,589",-2.20%,,"132,259",-31.80%,"368,300",-1.20%,"17,859",4.40%,"76,859",15.60%,"74,602",4.00%,"47,888",22.20%,"27,391",24.90%,"33,594",15.90%,547,144.20%,"69,962",16.60%,"26,237",16.00%,"25,507",1.90%,"20,263",35.60%,"2,300",-28.10%,"13,845",21.60%,"5,811",6.60%,"4,451",8.50%,"1,718",3.80%,"28,474",37.90%,0,-,,,,,"2,751",27.50%,"1,827",29.40%,,
2011년,11월,"974,255",-3.00%,,"134,009",-32.10%,"307,500",-3.50%,"20,878",6.90%,"81,146",8.40%,"61,784",-20.10%,"54,729",19.50%,"30,381",13.20%,"33,145",19.20%,473,3.30%,"82,248",22.00%,"31,304",,"28,643",24.40%,"24,269",10.30%,"2,500",8.70%,"8,273",-4.70%,,,"3,919",0.50%,"2,148",10.00%,,,0,-,,,,,"2,640",14.50%,"1,788",11.30%,,
2011년,12월,"1,020,648",-0.10%,,"141,536",-30.10%,"293,400",-0.50%,"20,802",13.30%,"98,281",9.70%,"72,295",-11.60%,"52,928",16.30%,"38,505",14.00%,"29,605",17.20%,400,-5.70%,"86,093",6.00%,"37,888",,"24,545",13.90%,"25,374",20.00%,"1,400",0.00%,"8,808",18.00%,,,"2,446",47.50%,"2,358",11.80%,,,0,-,,,,,"3,450",49.70%,"1,711",17.80%,,
2012년,1월,"1,200,782",-5.30%,,"173,000",-35.50%,"297,800",-7.90%,"25,760",5.90%,"110,448",7.70%,"100,202",-14.00%,"60,624",17.00%,"46,176",9.60%,"45,933",11.80%,897,23.40%,"102,166",10.80%,"256,315",28.90%,"29,758",8.50%,"29,740",6.20%,"4,200",-32.30%,"12,578",-4.20%,"5,078",-1.60%,930,-19.40%,"3,853",47.70%,"109,469",0.70%,0,-,630,54.80%,"18,225",2.00%,"53,829",55.10%,"2,936",7.90%,,
2012년,2월,"1,150,334",5.40%,,"169,025",-27.00%,"336,000",4.70%,"23,284",0.40%,"110,751",22.20%,"102,945",6.20%,"81,220",60.10%,"45,441",15.50%,"45,397",23.30%,645,59.30%,"89,758",21.90%,,,"30,175",22.00%,"27,922",53.90%,"5,500",34.10%,"10,718",12.30%,,,"1,600",39.50%,"2,639",42.90%,,,0,-100.00%,,,,,,,"2,173",31.50%,,
2012년,3월,"1,018,952",17.30%,,"150,291",68.60%,"320,400",3.80%,"21,571",10.40%,"82,981",25.00%,"89,463",18.70%,"64,484",55.50%,"33,965",36.00%,"34,077",15.10%,645,36.90%,"73,107",16.90%,,,"23,263",2.80%,"19,315",17.00%,"3,400",47.80%,"11,971",5.80%,,,"1,799",43.10%,"2,310",13.50%,,,0,-,,,,,,,"1,853",24.80%,,
2012년,4월,"1,018,645",17.40%,,"152,323",138.80%,"340,900",-2.30%,"19,862",6.50%,"73,401",-1.30%,"78,638",12.60%,"68,272",55.80%,"28,119",8.70%,"31,252",11.60%,421,33.70%,"65,312",13.30%,,,"23,085",3.80%,"18,116",14.70%,"2,900",81.30%,"14,514",11.40%,"10,288",-6.80%,"2,225",19.40%,"1,867",53.90%,,,0,-100.00%,,,,,,,"1,360",3.80%,,
2012년,5월,"1,096,950",8.10%,,"157,141",87.00%,"368,700",-4.20%,"20,535",0.60%,"78,574",-6.30%,"73,476",-7.80%,"48,409",25.80%,"31,292",-2.10%,"33,018",-2.10%,493,50.30%,"66,827",-0.70%,,,"25,106",3.20%,"19,899",1.50%,"2,800",21.70%,"15,768",3.00%,,,"1,742",-42.50%,"1,986",28.00%,,,0,-100.00%,,,,,,,569,-30.70%,,
2012년,6월,"1,109,273",5.30%,,"152,131",46.50%,"347,200",-8.10%,"19,831",-1.60%,"75,664",-5.30%,"89,031",15.60%,"46,923",19.10%,"29,792",-4.20%,"34,394",0.50%,433,17.30%,"77,515",1.60%,,,"23,272",-8.60%,"23,261",21.90%,"2,300",9.50%,"13,343",-2.40%,,,"2,358",26.20%,"2,300",30.80%,,,0,-,,,,,,,"1,109",63.60%,,
2012년,7월,"1,305,418",5.10%,,"189,701",35.40%,"369,300",-6.60%,"18,976",6.90%,"88,247",-1.50%,"104,928",9.50%,"51,075",31.10%,"36,030",2.00%,"42,524",4.80%,897,26.90%,"103,377",10.10%,,,"28,279",-1.10%,"32,326",10.70%,"1,900",-24.00%,"15,958",1.60%,"23,372",6.30%,"1,518",26.10%,"2,851",44.50%,,,81,15.70%,,,,,,,"1,444",-9.10%,,
2012년,8월,"1,334,651",7.00%,,"201,764",37.20%,"403,400",-4.00%,"21,566",1.00%,"109,102",4.10%,"120,549",7.40%,"59,255",13.80%,"48,035",6.40%,"47,383",6.80%,708,53.20%,"101,061",10.10%,"30,895",7.40%,"24,224",-8.50%,"27,402",-5.70%,"1,800",-18.20%,"14,729",2.10%,,,"1,197",13.90%,"2,612",43.00%,,,0,-100.00%,,,,,,,"1,429",18.30%,,
2012년,9월,"1,059,709",4.60%,,"145,742",19.00%,"319,200",-5.00%,"19,439",8.00%,"76,876",5.80%,"84,266",13.60%,"46,208",97.10%,"32,585",22.10%,"31,247",3.80%,404,43.80%,"73,795",2.90%,"19,340",-2.50%,"22,339",3.50%,"22,380",23.30%,"1,700",-26.10%,"12,380",-4.00%,,,"2,292",21.10%,"2,755",85.30%,,,0,-100.00%,,,,,,,891,26.00%,,
2012년,10월,"1,154,742",11.80%,,"168,150",27.10%,"372,200",1.10%,"20,839",16.70%,"83,248",8.30%,"97,324",30.50%,"49,695",3.80%,"34,502",26.00%,"34,712",3.30%,499,-8.80%,"79,519",13.70%,"31,132",18.70%,"24,686",-3.20%,"18,270",-9.80%,"2,300",0.00%,"14,038",1.40%,"5,622",-3.30%,"3,044",-31.60%,"3,414",98.70%,,,0,-,,,,,,,"1,527",-16.40%,,
2012년,11월,"1,117,550",14.70%,,"183,557",37.00%,"313,500",2.00%,"23,001",10.20%,"86,841",7.00%,"109,837",77.80%,"59,774",9.20%,"34,686",14.20%,"34,012",2.60%,871,84.10%,"89,656",9.00%,"30,259",-3.30%,"25,392",-11.40%,"22,469",-7.40%,"2,100",-16.00%,"11,903",43.90%,,,"2,819",-28.10%,"3,922",82.60%,,,0,-,,,,,,,"1,570",-12.20%,,
2012년,12월,"1,169,970",14.60%,,"199,950",41.30%,"281,200",-4.20%,"24,425",17.40%,"102,325",4.10%,"112,960",56.20%,"64,978",22.80%,"44,150",14.70%,"31,208",5.40%,925,131.30%,"109,062",26.70%,"43,550",14.90%,"24,277",-1.10%,"22,877",-9.80%,"1,300",-7.10%,"11,184",27.00%,,,"2,409",-1.50%,"4,296",82.20%,,,0,-,,,,,,,"1,683",-1.60%,,
2013년,1월,"1,425,900",18.70%,,"234,456",35.50%,"322,500",8.30%,"31,129",20.80%,"112,089",1.50%,"143,799",43.50%,"84,283",39.00%,"52,668",14.10%,"53,193",15.80%,"1,429",59.30%,"134,994",32.10%,"70,770",10.50%,"31,708",6.60%,"31,178",4.80%,"3,700",-11.90%,"16,530",31.40%,"5,375",5.80%,"1,410",151.60%,"6,565",70.40%,"112,619",2.90%,0,-,596,-5.40%,"18,683",2.50%,"81,799",52.00%,"3,265",11.20%,,
2013년,2월,"1,184,807",3.00%,,"234,390",38.70%,"280,900",-16.40%,"24,129",3.60%,"90,724",-18.10%,"110,734",7.60%,"72,348",-10.90%,"39,380",-13.30%,"40,229",-11.40%,576,-10.70%,"106,122",18.20%,"49,330",,"25,114",-16.80%,"26,397",-5.50%,"3,700",-32.70%,"12,534",16.90%,,,"1,050",-34.40%,"4,480",69.80%,,,0,-,,,,,,,"1,535",-29.40%,,
2013년,3월,"1,113,946",9.30%,,"206,946",37.70%,"315,000",-1.70%,"24,252",12.40%,"79,894",-3.70%,"96,983",8.40%,"67,745",5.10%,"36,786",8.30%,"36,755",7.90%,"1,349",109.10%,"87,338",19.50%,"41,971",,"25,083",7.80%,"21,920",13.50%,"2,100",-38.20%,"14,165",18.30%,,,"1,882",4.60%,"4,219",82.60%,,,0,-,,,,,,,"1,431",-22.80%,,
2013년,4월,"1,097,420",7.70%,,"204,229",34.10%,"319,900",-6.20%,"22,332",12.40%,"74,355",1.30%,"84,569",7.50%,"55,720",-18.40%,"30,616",8.90%,"31,296",0.10%,814,93.30%,"78,141",19.60%,"28,844",,"23,885",3.50%,"17,485",-3.50%,"3,000",3.40%,"17,016",17.20%,"10,479",1.90%,"2,569",15.50%,"3,551",90.20%,,,0,-,,,,,,,"1,281",-5.80%,,
2013년,5월,"1,185,405",8.10%,,"228,670",45.50%,"324,000",-12.10%,"23,154",12.80%,"80,457",2.40%,"88,950",21.10%,"51,101",5.60%,"33,113",5.80%,"33,857",2.50%,705,43.00%,"82,794",23.90%,"24,339",,"22,322",-11.10%,"19,612",-1.40%,"2,200",-21.40%,"17,788",12.80%,,,"2,729",56.70%,"36,119",49.60%,,,0,-,,,,,,,802,40.90%,,
2013년,6월,"1,221,491",10.10%,,"211,465",39.00%,"338,400",-2.50%,"21,165",6.70%,"77,314",2.20%,"95,099",6.80%,"54,673",16.50%,"33,570",12.70%,"36,409",5.90%,745,72.10%,"95,893",23.70%,"24,331",,"26,976",15.90%,"16,624",-28.50%,"1,800",-21.70%,"14,907",11.70%,,,"2,452",4.00%,,,,,0,-,,,,,,,849,-23.40%,,
2013년,7월,"1,417,422",8.60%,,"243,992",28.60%,"356,100",-3.60%,"23,025",21.30%,"84,779",-3.90%,"114,145",8.80%,"53,269",4.30%,"38,416",6.60%,"41,913",-1.40%,"1,149",28.10%,"121,716",17.70%,"43,709",,"29,417",4.00%,"31,270",-3.30%,"1,700",-10.50%,"15,200",-4.70%,"22,949",-1.80%,"2,031",33.80%,,,,,0,-100.00%,,,,,,,"1,457",0.90%,,
2013년,8월,"1,407,186",5.40%,,"215,498",6.80%,"392,300",-2.80%,"29,455",36.60%,"104,085",-4.60%,"128,162",6.30%,"65,153",10.00%,"48,395",0.70%,"45,986",-2.90%,"1,202",69.80%,"115,130",13.90%,"13,203",-57.30%,"28,129",16.10%,"22,317",-18.60%,"1,900",5.60%,"17,379",18.00%,,,"1,998",66.90%,,,,,0,-,,,,,,,"1,419",-0.70%,,
2013년,9월,"1,195,238",12.80%,,"164,499",12.90%,"338,600",6.10%,"30,379",56.30%,"85,660",11.40%,"94,266",11.90%,"57,784",25.10%,"37,776",15.90%,"35,599",13.90%,699,73.00%,"86,753",17.60%,"21,441",10.90%,"26,866",20.30%,"20,174",-9.90%,"1,700",0.00%,"17,360",40.20%,,,"2,574",12.30%,,,,,0,-,,,,,,,-,-,,
2013년,10월,"1,239,143",7.30%,,"158,273",-5.90%,"391,800",5.30%,"37,295",79.00%,"91,672",10.10%,"110,509",13.50%,"56,628",14.00%,"38,632",12.00%,"40,157",15.70%,"1,161",132.70%,"81,605",2.60%,"29,676",-4.70%,"28,055",13.60%,"21,125",15.60%,"2,500",8.70%,"15,942",13.60%,"6,375",13.40%,"4,239",39.30%,,,,,0,-,,,,,,,-,-,,
2013년,11월,"1,154,064",3.30%,,"170,901",-6.90%,"312,700",-0.30%,"40,717",77.00%,"95,232",9.70%,"113,658",3.50%,"64,161",7.30%,"38,505",11.00%,"40,388",18.70%,"1,224",40.50%,"78,863",-12.00%,"34,822",15.10%,"27,866",9.70%,"21,018",-6.50%,"2,300",9.50%,"14,298",20.10%,,,"3,851",36.60%,,,,,0,-,,,,,,,-,-,,
2013년,12월,"1,204,463",2.90%,,"182,846",-8.60%,"276,800",-1.60%,"44,269",81.20%,"107,282",4.80%,"114,468",1.30%,"65,862",1.40%,"46,412",5.10%,"35,986",15.30%,"1,154",24.80%,"96,440",-11.60%,"52,573",20.70%,"29,139",20.00%,"25,502",11.50%,"1,400",7.70%,"13,921",24.50%,,,"3,521",46.20%,,,,,0,-,,,,,,,-,-,,
2014년,1월,"1,468,903",3.00%,,"255,517",9.00%,"294,000",-8.80%,"59,401",90.80%,"126,829",13.20%,"135,598",-5.70%,"65,862",-21.90%,"59,143",12.30%,"59,745",12.30%,"1,807",26.50%,"118,308",-12.40%,"77,137",9.00%,"33,106",4.40%,"42,207",35.40%,"3,700",0.00%,"20,035",21.20%,"6,112",13.70%,"2,164",53.50%,"58,472",6.40%,"106,870",-5.10%,0,-,858,44.00%,"15,366",-17.80%,"96,085",17.50%,691,-78.80%,,
2014년,2월,"1,312,683",10.80%,,"231,502",-1.20%,"321,100",14.30%,"49,583",105.50%,"111,257",22.60%,"100,650",-9.10%,"86,616",19.70%,"52,427",33.10%,"51,930",29.10%,"1,263",119.30%,"102,523",-3.40%,"64,116",30.00%,"30,182",20.20%,"35,443",34.30%,"4,800",29.70%,"19,046",52.00%,,,"2,171",106.80%,,,,,0,-,,,,,,,587,-61.80%,,
2014년,3월,"1,150,959",3.30%,,"192,078",-7.20%,"294,500",-6.50%,"43,509",79.40%,"95,394",19.40%,"79,481",-18.00%,"69,603",2.70%,"40,625",10.40%,"40,995",11.50%,"1,033",-23.40%,"79,408",-9.10%,"36,463",-13.10%,"25,711",2.50%,"31,364",43.10%,"2,500",19.00%,"19,768",39.60%,,,"2,611",38.70%,,,,,0,-,,,,,,,"1,317",-8.00%,,
2014년,4월,"1,179,885",7.50%,,"193,998",-5.00%,"324,800",1.50%,"37,875",69.60%,"87,263",17.40%,"77,026",-8.90%,"60,301",8.20%,"33,975",11.00%,"36,247",15.80%,761,-6.50%,"73,984",-5.30%,"25,558",-11.40%,"25,379",6.30%,"24,739",41.50%,"1,700",-43.30%,"20,917",22.90%,"9,110",-13.10%,"3,428",33.40%,,,,,0,-,,,,,,,"1,594",24.40%,,
2014년,5월,"1,223,003",3.20%,,"195,263",-14.60%,"352,000",8.60%,"38,616",66.80%,"93,339",16.00%,"74,905",-15.80%,"56,187",10.00%,"39,798",20.20%,"41,946",23.90%,720,2.10%,"79,054",-4.50%,"18,120",-25.60%,"24,351",9.10%,"29,449",50.20%,"2,300",4.50%,"21,772",22.40%,,,"3,642",33.50%,,,,,0,-,,,,,,,"1,003",25.10%,,
2014년,6월,"1,270,439",4.00%,,"207,588",-1.80%,"354,400",4.70%,"33,830",59.80%,"96,255",24.50%,"65,534",-31.10%,"50,650",-7.40%,"41,786",24.50%,"37,589",3.20%,889,19.30%,"94,694",-1.30%,"20,661",-15.10%,"26,283",-2.60%,"25,881",55.70%,"1,500",-16.70%,"20,637",38.40%,,,"3,142",28.10%,,,,,77,-,,,,,,,579,-31.80%,,
2014년,7월,"1,454,795",2.60%,,"250,741",2.80%,"361,400",1.50%,"36,886",60.20%,"106,211",25.30%,"89,189",-21.90%,"56,450",6.00%,"47,783",24.40%,"46,666",11.30%,"1,247",8.50%,"114,257",-6.10%,"25,860",-40.80%,"26,586",-9.60%,"35,262",12.80%,900,-47.10%,"23,933",57.50%,"24,148",5.20%,"2,033",0.10%,,,,,0,-,,,,,,,1202,-17.50%,,
2014년,8월,"1,547,193",9.90%,,"251,428",16.70%,"404,900",3.20%,"43,865",48.90%,"124,746",19.90%,"114,458",-10.70%,"87,457",34.20%,"58,115",20.10%,"56,623",23.10%,"1,109",-7.70%,"121,624",5.60%,"27,233",106.30%,"28,249",0.40%,"43,127",93.20%,400,-78.90%,"23,322",34.20%,,,"2,146",7.40%,,,,,0,-,,,,,,,"1,304",-8.10%,,
2014년,9월,"1,321,293",10.50%,,"217,689",32.30%,"369,300",9.10%,"37,632",23.90%,"101,550",18.60%,"81,366",-13.70%,"68,983",19.40%,"46,812",23.90%,"39,276",10.30%,770,10.20%,"82,098",-5.40%,"21,600",0.70%,"24,769",-7.80%,"27,297",35.30%,800,-52.90%,"21,099",21.50%,,,"3,229",25.40%,,,,,0,-,,,,,,,715,-,,
2014년,10월,"1,432,100",15.60%,,"249,577",57.70%,"413,900",5.60%,"47,984",28.70%,"103,413",12.80%,"93,900",-15.00%,"69,608",22.90%,"45,119",16.80%,"44,810",11.60%,"1,221",5.20%,"92,339",13.20%,"28,159",-5.10%,"29,906",6.60%,"30,724",45.40%,"1,100",-56.00%,"22,860",43.40%,"6,106",-4.20%,"3,748",-11.60%,,,,,0,-,,,,,,,"1,445",-,,
2014년,11월,"1,288,754",11.70%,,"239,029",39.90%,"335,100",7.20%,"48,248",18.50%,"95,204",0.00%,"90,281",-20.60%,"78,129",21.80%,"41,592",8.00%,"40,230",-0.40%,"1,267",3.50%,"100,243",27.10%,"33,430",-4.00%,"24,804",-11.00%,"29,162",38.70%,"1,200",-47.80%,"18,136",26.80%,,,"2,922",-24.10%,,,,,0,-,,,,,,,440,-,,
2014년,12월,"1,430,677",18.80%,,"270,903",48.20%,"356,400",28.80%,"50,255",13.50%,"109,586",2.10%,"114,105",-0.30%,"83,123",26.20%,"47,346",2.00%,"40,918",13.70%,"1,325",14.80%,"116,940",21.30%,"46,087",-12.30%,"28,796",-1.20%,"31,114",22.00%,800,-42.90%,"17,129",23.00%,,,"3,660",3.90%,,,,,0,-,,,,,,,598,-,,
2015년,1월,"1,834,538",24.90%,,"358,093",40.10%,"367,700",25.10%,"75,201",26.60%,"147,556",16.30%,"153,062",12.90%,"116,450",76.80%,"68,791",16.30%,"71,820",20.20%,"1,856",2.70%,"147,163",24.40%,"73,059",-5.30%,"38,620",16.70%,"55,297",31.00%,"3,300",-10.80%,"25,192",25.70%,"5,497",-10.10%,"2,133",-1.40%,"63,715",9.00%,"102,993",-3.60%,0,-,640,-25.40%,"11,521",-25.00%,"165,328",72.10%,"4,097",492.90%,,
2015년,2월,"1,445,609",10.10%,,"321,576",38.90%,"280,200",-12.70%,"57,692",16.40%,"118,746",6.70%,"117,331",16.60%,"145,563",68.10%,"56,240",7.30%,"51,415",-1.00%,"1,159",-8.20%,"121,218",18.20%,"49,616",-22.60%,"30,938",2.50%,"36,515",3.00%,"2,600",-45.80%,"19,917",4.60%,,,"1,648",-24.10%,,,,,0,-,,,,,,,"1,054",79.60%,,
2015년,3월,"1,416,683",23.10%,,"268,156",39.60%,"345,000",17.10%,"49,733",14.30%,"98,909",3.70%,"100,236",26.10%,"90,804",30.50%,"43,613",7.40%,"42,872",4.60%,"1,080",4.50%,"93,099",17.20%,"37,222",2.10%,"28,565",11.10%,"29,366",-6.40%,"2,100",-16.00%,"14,165",-28.30%,,,"3,184",21.90%,,,,,0,-,,,,,,,"2,381",80.80%,,
2015년,4월,"1,495,460",26.70%,,"304,619",57.00%,"399,500",23.00%,"49,826",31.60%,"97,683",11.90%,"86,307",12.00%,"85,297",41.50%,"41,215",21.30%,"41,602",14.80%,735,-3.40%,"90,465",22.30%,"27,746",8.60%,"28,747",13.30%,"28,773",16.30%,"2,100",23.50%,"20,352",-2.70%,"9,705",6.50%,"2,565",-25.20%,,,,,38,-,,,,,,,"1,659",4.10%,,
2015년,5월,"1,579,265",29.10%,,"315,389",61.50%,"423,100",20.20%,"54,583",41.30%,"116,583",24.90%,"89,584",19.60%,"81,557",45.20%,"52,298",31.40%,"43,883",4.60%,840,16.70%,"94,086",19.00%,"22,985",26.80%,"26,200",7.60%,"29,136",-1.10%,"2,000",-13.00%,"22,016",1.10%,,,"3,485",-4.30%,,,,,0,-,,,,,,,708,-29.40%,,
2015년,6월,"1,373,551",8.10%,,"251,504",21.20%,"325,700",-8.10%,"36,696",8.50%,"68,975",-28.30%,"91,776",40.00%,"72,927",44.00%,"31,406",-24.80%,"37,193",-1.10%,941,5.80%,"96,954",2.40%,"17,282",-16.40%,"27,224",3.60%,"25,926",0.20%,"1,500",0.00%,"18,488",-10.40%,,,"2,734",-13.00%,,,,,0,-100.00%,,,,,,,619,6.90%,,
2015년,7월,"1,675,332",15.20%,,"343,799",37.10%,"344,200",-4.80%,"45,349",22.90%,"82,370",-22.40%,"121,499",36.20%,"73,108",29.50%,"37,050",-22.50%,"48,375",3.70%,"1,447",16.00%,"119,292",4.40%,"24,129",-6.70%,"28,583",7.50%,"37,299",5.80%,"1,400",55.60%,"22,529",-5.90%,"26,038",7.80%,"2,084",2.50%,,,,,0,-,,,,,,,870,-27.60%,,
2015년,8월,"1,835,249",18.60%,,"390,971",55.50%,"428,000",5.70%,"54,320",23.80%,"96,589",-22.60%,"137,404",20.00%,"104,146",19.10%,"43,710",-24.80%,"60,468",6.80%,"1,272",14.70%,"139,472",14.70%,"25,977",-4.60%,"29,050",2.80%,"42,512",-1.40%,"1,100",175.00%,"19,690",-15.60%,,,"2,077",-3.20%,,,,,0,-,,,,,,,885,-32.10%,,
2015년,9월,"1,511,657",14.40%,,"301,645",38.60%,"373,300",1.10%,"46,770",24.30%,"86,018",-15.30%,"94,249",15.80%,"80,199",16.30%,"36,223",-22.60%,"39,063",-0.50%,"1,000",29.90%,"95,386",16.20%,"18,676",-13.50%,"25,392",2.50%,"27,014",-1.00%,"2,000",150.00%,"16,778",-20.50%,,,"2,108",-34.70%,,,,,0,-,,,,,,,886,23.90%,,
2015년,10월,"1,735,308",21.20%,,"370,842",48.60%,"447,400",8.10%,"59,864",24.80%,"101,826",-1.50%,"108,923",16.00%,"86,775",24.70%,"42,671",-5.40%,"50,582",12.90%,"1,106",-9.40%,"102,057",10.50%,"27,189",-3.40%,"30,636",2.40%,"32,190",4.80%,"2,100",90.90%,"18,328",-19.80%,"5,973",-2.20%,"3,704",-1.20%,,,,,0,-,,,,,,,"1,364",-5.60%,,
2015년,11월,"1,626,063",26.20%,,"359,845",50.50%,"370,700",10.60%,"59,168",22.60%,"108,800",14.30%,"123,303",36.60%,"100,782",29.00%,"46,071",10.80%,"44,988",11.80%,"1,542",21.70%,"105,330",5.10%,"28,625",-14.40%,"31,619",27.50%,"34,200",17.30%,"1,300",8.30%,"13,595",-25.00%,,,"4,521",54.70%,,,,,0,-,,,,,,,"1,931",338.90%,,
2015년,12월,"1,781,715",24.50%,,"415,656",53.40%,"339,600",-4.70%,"69,555",38.40%,"119,238",8.80%,"149,315",30.90%,"114,741",38.00%,"54,856",15.90%,"44,821",9.50%,"1,395",5.30%,"135,156",15.60%,"42,753",-7.20%,"28,155",-2.20%,"42,933",38.00%,"1,100",37.50%,"11,530",-32.70%,,,"2,758",-24.60%,,,,,0,-,,,,,,,"1,658",177.30%,,
2016년,1월,"2,112,337",15.10%,,"514,889",43.80%,"367,700",0.00%,"85,640",13.90%,"146,962",-0.40%,"174,970",14.30%,"149,330",28.20%,"69,223",0.60%,"74,180",3.30%,"2,105",13.40%,"147,165",0.00%,"59,945",-17.90%,"35,636",-7.70%,"61,933",12.00%,"3,300",0.00%,"13,773",-45.30%,"5,353",-2.60%,"1,896",-11.10%,"64,397",1.10%,"111,076",7.80%,0,-,"1,035",61.70%,"10,671",-7.40%,"173,260",4.80%,,,,
2016년,2월,"1,876,928",29.80%,,"490,845",52.60%,"330,400",17.90%,"76,407",32.40%,"127,996",7.80%,"147,688",25.90%,"142,234",-2.30%,"63,013",12.00%,"57,595",12.00%,"1,322",14.10%,"137,598",13.50%,"43,764",-11.80%,"31,609",2.20%,"47,349",29.70%,"4,300",65.40%,"11,399",-42.80%,,,"1,706",3.50%,,,,,12,-,,,,,,,,,,
2016년,3월,"1,569,162",10.80%,,"374,057",39.50%,"4,064,063",7.00%,"56,442",13.50%,"97,043",-1.90%,"103,289",3.00%,"116,593",28.40%,"41,675",-4.40%,"40,959",-4.50%,"1,194",10.60%,"98,781",6.10%,"27,839",-25.20%,"26,103",-8.60%,"30,563",4.10%,"2,000",-4.80%,"8,830",-37.70%,,,"1,981",-37.80%,,,,,0,-,,,,,,,,,,
2016년,4월,"1,636,597",9.40%,,"353,660",16.10%,,,"62,668",25.80%,"103,295",5.70%,"95,785",11.00%,"111,154",30.30%,"43,661",5.90%,"41,356",-0.60%,749,1.90%,"98,052",8.40%,"22,386",-19.30%,"27,989",-2.60%,"31,218",8.50%,"2,400",14.30%,"8,438",-58.50%,"11,093",14.30%,"2,169",-15.40%,,,,,40,5.30%,,,,,,,,,,
2016년,5월,"1,656,728",4.90%,,"302,088",-4.20%,,,"64,106",17.40%,"106,857",-8.30%,"96,261",7.50%,"111,952",37.30%,"48,109",-8.00%,"44,932",2.40%,914,8.80%,"94,736",0.70%,"17,508",-23.80%,"26,859",2.50%,"29,293",0.50%,"2,200",10.00%,"9,516",-56.80%,,,"2,995",-14.10%,,,,,0,-,,,,,,,,,,
2016년,6월,"1,778,317",29.50%,,"347,365",38.10%,,,"61,599",67.90%,"105,083",52.30%,"107,506",17.10%,"109,806",50.60%,"46,957",49.50%,"43,766",17.70%,909,-3.40%,"109,786",13.20%,"21,556",24.70%,"26,084",-4.20%,"27,667",6.70%,"2,400",60.00%,"10,441",-43.50%,,,"2,309",-15.50%,,,,,0,-,,,,,,,,,,
2016년,7월,"2,086,068",24.50%,,"447,008",30.00%,,,"71,641",58.00%,"109,094",32.40%,"134,310",10.50%,"116,960",60.00%,"51,992",40.30%,"54,700",13.10%,"1,231",-14.90%,"142,793",19.70%,"25,272",4.70%,"31,502",10.20%,"34,429",-7.70%,"2,000",42.90%,"9,627",-57.30%,"33,990",30.50%,"2,063",-1.00%,,,,,23,-,,,,,,,,,,
2016년,8월,"2,064,241",12.50%,,"458,927",17.40%,,,"78,023",43.60%,"114,727",18.80%,"140,804",2.50%,"147,028",41.20%,"57,739",32.10%,"62,018",2.60%,"1,296",1.90%,"147,588",5.80%,"25,410",-2.20%,"30,940",6.50%,"42,117",-0.90%,"1,400",27.30%,"6,590",-66.50%,,,"1,852",-10.80%,,,,,24,-,,,,,,,,,,
2016년,9월,"1,904,524",26.00%,,"430,614",42.80%,,,"72,200",54.40%,"113,351",31.80%,"107,890",14.50%,"128,911",60.70%,"55,075",52.00%,"37,742",-3.40%,"1,001",0.10%,"115,147",20.70%,"20,202",8.20%,"26,543",4.50%,"29,565",9.40%,"2,600",30.00%,"7,334",-56.30%,,,"2,339",11.00%,,,,,22,-,,,,,,,,,,
2016년,10월,"1,865,552",7.50%,,"449,555",21.20%,,,"73,819",23.30%,"111,226",9.20%,"99,409",-8.70%,"123,052",41.80%,"52,104",22.10%,"34,346",-32.10%,"1,173",6.10%,"112,508",10.20%,"24,164",-11.10%,"26,869",-12.30%,"34,025",5.70%,"2,200",4.80%,"6,746",-63.20%,"7,151",19.70%,"3,937",6.30%,,,,,13,-,,,,,,,,,,
2016년,11월,"1,825,701",12.30%,,"426,918",18.60%,,,"82,274",39.10%,"123,855",13.80%,"114,745",-6.90%,"132,698",31.70%,"62,009",34.60%,"36,314",-19.30%,"1,386",-10.10%,"127,547",21.10%,"27,507",-3.90%,"26,880",-15.00%,"33,975",-0.70%,"2,100",61.50%,"6,325",-53.50%,,,"3,527",-22.00%,,,,,0,-,,,,,,,,,,
2016년,12월,"2,007,035",12.60%,,"494,376",18.90%,,,"99,578",43.20%,"132,878",11.40%,"141,561",-5.20%,"154,165",34.40%,"70,706",28.90%,"38,595",-13.90%,"1,240",-11.10%,"143,380",6.10%,"41,641",-2.60%,"26,873",-4.60%,"42,305",-1.50%,"1,400",27.30%,"7,885",-31.60%,,,"2,806",1.70%,,,,,33,-,,,,,,,,,,
2017년,1월,"2,343,048",10.90%,,"625,415",21.50%,"3,854,869",-19.10%,"112,078",30.90%,"146,326",-0.40%,"171,485",-2.00%,"171,932",15.10%,"81,448",17.70%,"60,245",-18.80%,"1,843",-12.40%,"154,367",4.90%,"57,684",-3.80%,"36,221",1.60%,"53,139",-14.20%,"4,100",24.20%,"9,524",-30.90%,"6,184",15.50%,"1,945",2.60%,"65,829",2.20%,,,,,"6,048",484.30%,"15,660",46.80%,,,,,,
2017년,2월,"2,231,269",18.90%,,"599,745",22.20%,,,"94,803",24.10%,"150,226",17.40%,"163,559",10.70%,"192,572",35.40%,"82,764",31.30%,"60,174",4.50%,"1,569",18.70%,"150,685",9.50%,"43,815",0.10%,"35,616",12.70%,"41,699",-11.90%,"5,300",23.30%,"8,695",-23.70%,,,"2,308",35.30%,,,,,,,,,,,,,,,,
2017년,3월,"1,940,542",23.70%,,"488,349",30.60%,,,"86,945",54.00%,"121,401",25.10%,"128,234",24.20%,"162,960",39.80%,"65,393",56.90%,"43,942",7.30%,"1,193",-0.10%,"135,813",37.50%,"26,243",-5.70%,"30,953",18.60%,"35,802",17.10%,"3,900",95.00%,"8,483",-3.90%,,,"2,059",3.90%,,,,,,,,,,,,,,,,
2017년,4월,"2,003,943",22.40%,,"554,627",56.80%,,,"84,249",34.40%,"111,391",7.80%,"116,421",21.50%,"174,373",56.90%,"64,924",48.70%,"48,828",18.10%,886,18.30%,"117,074",19.40%,"21,876",-2.30%,"36,376",30.00%,"30,415",-2.60%,"2,900",20.80%,"9,897",17.30%,"17,444",57.30%,"3,254",50.00%,,,,,,,,,,,,,,,,
2017년,5월,"2,003,834",21.00%,,"558,892",85.00%,,,"79,543",24.10%,"115,183",7.80%,"112,220",16.60%,"187,359",67.40%,"72,205",50.10%,"52,762",17.40%,"1,003",9.70%,"128,691",35.80%,"20,119",14.90%,"34,092",26.90%,"27,947",-4.60%,"3,700",68.20%,"9,467",-0.50%,,,"3,154",5.30%,,,,,,,,,,,,,,,,
2017년,6월,"2,098,126",18.00%,,"568,877",63.80%,,,"72,031",16.90%,"110,875",5.50%,"133,734",24.40%,"177,061",61.20%,"66,758",42.20%,"49,487",13.10%,952,4.70%,"108,455",-1.20%,"175,344",-5.60%,"35,093",34.50%,"29,460",6.50%,"2,600",8.30%,"9,786",-6.30%,,,"2,432",5.30%,,,,,,,,,,,,,,,,
2017년,7월,"2,389,447",14.50%,,"644,026",44.10%,,,"71,320",-0.40%,"110,754",1.50%,"152,515",13.60%,"193,569",65.50%,"74,129",42.60%,"58,270",6.50%,"1,454",12.20%,"132,135",-7.50%,,,"44,793",42.20%,"42,349",23.00%,"2,000",0.00%,"12,059",25.30%,"42,500",25.00%,"1,856",-10.00%,,,,,,,,,,,,,,,,
2017년,8월,"2,385,301",15.60%,,"620,904",35.30%,,,"75,390",-3.40%,"121,041",5.50%,"164,001",16.50%,"240,985",63.90%,"75,548",30.80%,"60,957",-1.70%,"1,332",2.80%,"141,869",-3.90%,,,"41,200",33.20%,"46,701",10.90%,"2,100",50.00%,"10,156",54.10%,,,"2,223",20.00%,,,,,,,,,,,,,,,,
2017년,9월,"2,236,500",17.40%,,"556,885",29.30%,,,"72,012",-0.30%,"102,433",-9.60%,"134,475",24.60%,"213,538",65.60%,"60,940",10.60%,"47,600",26.10%,"1,150",14.90%,"123,834",7.50%,,,"39,059",47.20%,"40,339",36.40%,"2,800",7.70%,"10,839",47.80%,,,"3,189",36.30%,,,,,,,,,,,,,,,,
2017년,10월,"2,231,748",19.60%,,"620,936",38.10%,,,"94,207",27.60%,"137,957",24.00%,"132,014",32.80%,"219,733",78.60%,"80,528",54.60%,"53,425",55.50%,"1,342",14.40%,"139,218",23.70%,,,"33,284",23.90%,"43,110",26.70%,"5,100",131.80%,"12,784",89.50%,"8,793",23.00%,"4,487",14.00%,,,,,,,,,,,,,,,,
2017년,11월,"2,227,747",22.00%,,"622,604",45.80%,,,"98,161",19.30%,"128,185",3.50%,"147,762",28.80%,"224,056",68.80%,"72,475",16.90%,"52,123",43.50%,"1,757",26.80%,"125,583",-1.50%,,,"31,675",17.80%,"42,531",25.20%,"3,900",85.70%,"9,497",50.20%,,,"4,308",22.10%,,,,,,,,,,,,,,,,
2017년,12월,"2,404,942",19.80%,,"678,905",37.30%,,,"113,641",14.10%,"131,898",-0.70%,"161,447",14.00%,"257,107",66.80%,"77,141",9.10%,"43,484",12.70%,"1,482",19.50%,"150,097",4.70%,,,"24,829",-7.60%,"51,036",20.60%,"1,900",35.70%,"9,435",19.70%,,,"3,593",28.00%,,,,,,,,,,,,,,,,
2018년,1월,"2,866,780",22.40%,,"803,816",28.50%,,,"129,355",15.40%,"168,152",14.90%,"197,625",15.20%,"316,314",84.00%,"97,861",20.20%,"75,502",25.30%,"2,493",35.30%,"198,145",28.40%,,,"33,449",-7.70%,"68,621",29.10%,"5,700",39.00%,"11,655",22.40%,"7,157",15.70%,"2,988",53.60%,"8,591",10.70%,,,,,,,,,,,,,,
2018년,2월,"2,311,009",3.60%,,"708,318",18.10%,,,"92,515",-2.40%,"122,667",-18.30%,"160,148",-2.10%,"303,391",57.50%,"71,633",-13.40%,"53,161",-11.70%,"1,359",-13.40%,"156,555",3.90%,,,"29,361",-17.60%,"56,077",34.50%,"5,400",1.90%,"9,399",8.10%,,,"2,078",-10.00%,"5,515",,,,,,,,,,,,,,,
2018년,3월,"2,252,565",16.10%,,"619,196",26.80%,,,"78,392",-9.80%,"127,261",4.80%,"143,644",12.00%,"272,757",67.40%,"70,585",7.90%,"49,127",11.80%,"1,398",17.20%,"122,387",-9.90%,,,"25,316",-18.20%,"42,362",18.30%,"4,100",5.10%,"8,830",4.10%,,,"2,663",29.30%,"5,748",,,,,,,,,,,,,,,
2018년,4월,"2,230,200",11.30%,,"638,523",15.10%,,,"66,555",-21.00%,"106,526",-4.40%,"115,870",-0.50%,"281,385",61.40%,"61,106",-5.90%,"44,550",-8.80%,825,-6.90%,"114,973",-1.80%,,,"26,576",-26.90%,"36,684",20.60%,"4,300",48.30%,"13,566",37.10%,"19,981",14.50%,"3,008",-7.60%,"4,043",,,,,,,,,,,,,,,
2018년,5월,"2,331,565",16.40%,,"640,355",14.60%,,,"76,389",-4.00%,"111,738",-3.00%,"122,684",9.30%,"267,909",43.00%,"64,980",-10.00%,"46,720",-11.50%,892,-11.10%,"113,488",-11.80%,,,"28,786",-15.60%,"41,825",49.70%,"3,600",-2.70%,"9,516",0.50%,,,"2,647",-16.10%,"4,191",,,,,,,,,,,,,,,
2018년,6월,"2,323,986",10.80%,,"606,162",6.60%,,,"64,436",-10.50%,"96,260",-13.20%,"141,562",5.90%,"271,848",53.50%,"57,787",-13.40%,"45,325",-8.40%,963,1.20%,"110,135",1.50%,,,"25,710",-26.70%,"46,460",57.70%,"2,900",11.50%,"13,396",36.90%,,,"2,531",4.10%,"4,255",,,,,,,,,,,,,,,
2018년,7월,"2,495,297",4.40%,,"607,953",-5.60%,,,"62,696",-12.10%,"98,776",-10.80%,"153,524",0.70%,"252,396",30.40%,"59,451",-19.80%,"57,823",-0.80%,"1,444",-0.70%,"121,544",-8.00%,,,"36,839",-17.80%,"64,496",52.30%,"2,600",30.00%,"14,645",21.40%,"48,349",13.80%,"2,477",33.50%,"5,451",,,,,,,,,,,,,,,
2018년,8월,"2,519,860",5.60%,,"593,941",-4.30%,,,"71,653",-5.00%,"112,959",-6.70%,"164,135",0.10%,"320,714",33.10%,"66,052",-12.60%,"62,728",2.90%,"1,583",18.80%,"122,095",-13.90%,,,"35,918",-12.80%,"61,224",31.10%,"2,400",14.30%,"15,463",52.30%,,,"2,175",-2.20%,"4,741",,,,,,,,,,,,,,,
2018년,9월,"2,225,756",-0.50%,,"479,733",-13.90%,,,"77,457",7.60%,"100,119",-2.30%,"135,470",0.70%,"227,249",6.40%,"58,246",-4.40%,"47,734",0.30%,970,-15.70%,"119,456",-3.50%,,,"28,564",-26.90%,"45,255",12.20%,"3,600",28.60%,"14,241",31.40%,,,"2,566",-19.50%,"3,784",,,,,,,,,,,,,,,
2018년,10월,"2,347,876",5.20%,,"571,200",-8.00%,,,"90,026",-4.40%,"111,400",-19.30%,"123,236",-6.60%,"303,417",38.10%,"60,240",-25.20%,"53,926",0.90%,"1,066",-20.60%,"117,084",-15.90%,,,"30,312",-8.90%,"47,754",10.80%,"4,300",-15.70%,"15,737",23.10%,"8,697",-1.10%,"3,826",-14.70%,"7,374",,,,,,,,,,,,,,,
2018년,11월,"2,295,810",3.10%,,"588,200",-5.50%,,,"100,382",2.30%,"128,753",0.40%,"154,561",4.60%,"293,481",31.00%,"67,685",-6.60%,"50,633",-2.90%,"1,444",-17.80%,,,,,"27,676",-12.60%,"52,851",24.30%,"4,400",12.80%,"14,001",47.40%,,,"4,098",-4.90%,"9,218",,,,,,,,,,,,,,,
2018년,12월,"2,495,279",3.80%,,"681,600",0.40%,,,"109,266",-3.80%,"136,800",3.70%,,,"324,545",26.20%,"77,216",0.10%,"42,222",-2.90%,"1,311",-11.50%,,,,,"30,020",20.90%,"53,174",4.20%,"2,300",21.10%,"12,663",34.20%,,,"3,343",-7.00%,"9,941",,,,,,,,,,,,,,,
2019년,1월,"2,912,331",1.60%,,"779,400",-3.00%,,,"116,976",-9.60%,"161,115",-4.20%,,,"388,977",23.00%,"99,463",1.60%,"71,665",-5.10%,"2,140",-14.20%,,,,,,,,,,,"16,661",43.00%,,,"3,069",2.70%,"14,435",68.00%,,,,,,,,,,,,,,
2019년,2월,"2,617,946",13.30%,,"715,800",1.10%,,,"114,425",23.70%,"143,804",17.20%,,,"383,205",26.30%,"86,179",20.30%,"61,817",16.30%,"1,606",18.20%,,,,,,,,,,,"15,147",61.20%,,,"2,582",24.30%,"12,266",122.40%,,,,,,,,,,,,,,
2019년,3월,,,,,,,,,,,,,,,,,,,,,,,,,,,,,,,,,,,,,,,,,,,,,,,,,,,,,
2019년,4월,,,,,,,,,,,,,,,,,,,,,,,,,,,,,,,,,,,,,,,,,,,,,,,,,,,,,
2019년,5월,,,,,,,,,,,,,,,,,,,,,,,,,,,,,,,,,,,,,,,,,,,,,,,,,,,,,
2019년,6월,,,,,,,,,,,,,,,,,,,,,,,,,,,,,,,,,,,,,,,,,,,,,,,,,,,,,
2019년,7월,,,,,,,,,,,,,,,,,,,,,,,,,,,,,,,,,,,,,,,,,,,,,,,,,,,,,
2019년,8월,,,,,,,,,,,,,,,,,,,,,,,,,,,,,,,,,,,,,,,,,,,,,,,,,,,,,
2019년,9월,,,,,,,,,,,,,,,,,,,,,,,,,,,,,,,,,,,,,,,,,,,,,,,,,,,,,
2019년,10월,,,,,,,,,,,,,,,,,,,,,,,,,,,,,,,,,,,,,,,,,,,,,,,,,,,,,
2019년,11월,,,,,,,,,,,,,,,,,,,,,,,,,,,,,,,,,,,,,,,,,,,,,,,,,,,,,
2019년,12월,,,,,,,,,,,,,,,,,,,,,,,,,,,,,,,,,,,,,,,,,,,,,,,,,,,,,
2000년,누계,"5,508,242",26.90%,,"1,064,390",12.90%,"1,344,721",-,"83,729",-,-,-,"448,207",-,-,-,-,-,-,-,-,-, - ,-, - ,-,"181,032",-,-,-,-,-,-,-,-,-,-,-,-,-,"23,411",-,171,-,-,-,-,-,-,-,-,-,-,-
2001년,누계,"6,084,476",10.50%,,"1,133,971",6.50%,"1,678,836",24.80%,"85,744",2.40%,-,-,"553,441",23.50%,-,-,"48,274",6.50%,-,-,-,-, - ,-, - ,-,"211,220",-,-,-,-,-,-,-,-,-,-,-,-,-,"27,150",16.00%,327,91.20%,-,-,-,-,-,-,-,-,-,-
2002년,누계,"7,123,407",17.10%,,"1,271,835",12.20%,"2,124,310",26.50%,"83,624",-2.50%,"457,438",-,"717,361",29.60%,-,-,"50,447",4.50%,-,-,-,-, - ,-, - ,-,"218,155",-,-,-,-,-,-,-,-,-,-,-,-,-,"29,374",8.20%,146,-55.40%,-,-,-,-,-,-,-,-,-,-
2003년,누계,"7,086,133",-0.50%,,"1,459,333",14.70%,"1,945,500",-8.40%,"92,893",11.10%,"368,176",-19.50%,"695,034",-3.10%,-,-,"38,281",-24.10%,-,-,-,-, - ,-, - ,-,"190,630",-12.62%,-,-,-,-,-,-,-,-,-,-,-,-,"35,584",21.10%,25,-82.90%,-,-,-,-,,-,-,-,-,-
2004년,누계,"8,825,585",24.50%,,"1,588,472",8.80%,"2,844,893",46.20%,"148,095",59.40%,"539,190",46.40%,"910,891",31.10%,"232,995",79.10%,"65,631",71.40%,"360,870",-,-,-,"378,602",-, - ,-,"246,545",29.33%,"91,270",-,"18,503",-,-,-,-,-,-,-,-,-,"47,835",34.40%,12,-52.00%,10,-,-,-,"7,274",-,"3,189",-,-,-
2005년,누계,"10,080,143",14.20%,,"1,747,171",10.00%,"3,545,341",24.60%,"182,517",23.20%,"642,480",19.20%,"816,407",-10.40%,"317,213",36.10%,"120,739",84.00%,"364,192",0.90%,-,-,"489,465",29.30%, - ,-,"263,356",6.82%,"158,177",73.30%,"25,888",39.90%,-,-,"30,787",-,-,-,-,-,"49,895",4.30%,51,325.00%,61,510.00%,"13,200",-,"9,189",26.30%,"5,475",71.70%,-,-
2006년,누계,"11,609,879",15.20%,,"2,117,325",21.20%,"3,923,986",10.70%,"196,260",7.50%,"718,758",11.90%,"1,092,783",33.90%,"421,741",33.00%,"162,709",34.80%,"454,661",24.80%,"5,298",-,"572,133",16.90%,"285,353",-,"298,228",13.24%,"189,464",19.80%,"28,035",8.30%,-,-,"39,930",29.70%,"16,157",-,"18,265",-,"70,407",41.10%,48,-5.90%,60,-1.60%,"17,499",32.60%,"10,963",19.30%,"7,002",27.90%,-,-
2007년,누계,"13,324,977",14.80%,,"2,600,801",22.80%,"4,776,752",21.70%,"225,814",15.10%,"876,231",21.90%,"1,083,652",-0.80%,"475,535",12.80%,"225,417",38.50%,"463,610",2.00%,"4,870",-8.10%,"653,310",14.20%,"329,909",15.61%,"337,246",13.08%,"224,867",18.70%,"33,836",20.70%,-,-,"32,273",-19.20%,"20,976",29.80%,"13,821",-24.30%,"84,583",20.10%,133,177.10%,172,186.70%,"21,238",21.40%,"13,060",19.10%,"12,513",78.70%,"1,242",-
2008년,누계,"11,996,094",-10.00%,,"2,382,548",-8.40%,"3,960,392",-17.10%,"252,266",11.70%,"904,320",3.20%,"888,344",-18.00%,"449,237",-5.50%,"279,794",24.10%,"423,011",-8.80%,"4,300",-11.70%,"611,629",-6.40%,"266,525",-19.21%,"331,409",-1.73%,"267,461",18.90%,"37,601",11.10%,"119,500",-,"43,396",34.50%,"20,934",-0.20%,"12,369",-10.50%,"79,802",-5.70%,0,-100.00%,97,-43.60%,"20,896",-1.60%,"18,065",38.30%,"12,556",0.30%,"1,053",-15.20%
2009년,누계,"9,494,111",-20.90%,,"1,586,772",-33.40%,"3,197,500",-19.30%,"167,641",-33.50%,"618,694",-31.60%,"618,227",-30.40%,"362,115",-19.40%,"204,767",-26.80%,"271,982",-35.70%,"3,695",-14.10%,"497,936",-18.60%,"197,725",-25.81%,"260,314",-21.50%,"227,312",-15.00%,"20,900",-44.40%,"89,148",-25.40%,"27,189",-37.30%,"16,126",-23.00%,"12,508",1.10%,"70,485",-11.70%,60,60.00%,49,-49.50%,"11,191",-46.40%,"17,876",-1.00%,"11,792",-6.10%,-,-
2010년,누계,"12,488,364",31.50%,,"2,439,816",53.80%,"4,076,400",27.50%,"216,901",29.40%,"891,024",44.00%,"805,445",30.30%,"495,902",36.90%,"331,768",62.00%,"360,615",32.60%,"4,426",19.80%,"740,622",48.70%,"289,702",46.52%,"296,060",13.70%,"264,052",16.20%,"38,300",83.30%,"123,315",38.30%,"42,231",55.30%,"24,808",53.80%,"18,930",51.30%,"95,587",35.60%,143,138.30%,182,271.40%,"18,833",68.30%,"27,312",52.80%,"15,151",28.50%,-,-
2011년,누계,"12,693,733",1.60%,,"1,658,073",-32.00%,"4,185,400",2.70%,"242,902",12.00%,"1,020,996",14.60%,"1,006,283",24.90%,"536,408",8.20%,"398,807",20.20%,"414,879",15.00%,"5,485",23.90%,"925,204",24.90%,"342,810",18.33%,"320,596",8.30%,"263,428",-0.20%,"31,800",-17.00%,"149,943",21.60%,"43,994",4.20%,"25,285",1.90%,"22,524",19.00%,"108,680",13.70%,290,102.80%,407,123.60%,"18,683",-0.80%,"34,707",27.10%,"17,495",15.50%,-,-
2012년,누계,"13,736,976",8.20%,,"2,042,775",23.20%,"4,069,900",-2.80%,"259,089",6.70%,"1,078,458",5.60%,"1,163,619",15.60%,"700,917",30.70%,"444,773",11.50%,"445,157",7.30%,"7,838",42.90%,"1,031,155",11.50%,"411,491",20.03%,"328,989",2.60%,"283,977",7.80%,"32,200",1.30%,"159,084",6.10%,"44,360",0.80%,"23,933",-5.30%,"34,805",54.50%,"109,469",0.70%,81,-72.10%,630,54.80%,"14,479",-22.50%,"53,829",55.10%,"18,544",6.00%,,
2013년,누계,"14,846,485",8.10%,,"2,456,165",20.20%,"3,968,998",-2.50%,"351,301",35.60%,"1,083,543",0.50%,"1,295,342",11.30%,"748,727",6.80%,"474,269",6.60%,"471,768",6.00%,"12,207",55.70%,"1,165,789",13.10%,"435,009",5.72%,"351,154",15.60%,"274,622",-3.30%,"28,000",-13.00%,"187,040",17.60%,"45,178",1.80%,"30,306",26.60%,"54,934",57.80%,"112,619",2.90%,0,-100.00%,596,-5.40%,"14,270",-21.70%,"81,799",52.00%,"12,039",-6.50%,,
2014년,누계,"16,080,684",8.30%,,"2,755,313",12.20%,"4,181,700",5.40%,"527,684",50.20%,"1,251,047",15.50%,"1,116,493",-13.80%,"832,969",11.30%,"554,521",16.90%,"536,975",13.80%,"13,412",9.90%,"1,175,472",0.80%,"424,424",-2.40%,"352,004",8.50%,"385,769",40.50%,"21,700",-22.50%,"248,654",32.90%,"45,476",0.70%,"34,896",15.10%,"58,472",6.40%,"106,870",-5.10%,77,-,858,44.00%,"15,366",-17.80%,"96,085",17.50%,"11,475",-4.70%,,
2015년,누계,"19,310,430",20.10%,,"4,002,095",45.30%,"4,444,389",6.30%,"658,757",24.80%,"1,243,293",-0.60%,"1,372,989",23.00%,"1,152,349",38.30%,"554,144",-0.10%,"577,082",7.50%,"14,373",7.20%,"1,339,678",14.00%,"395,259",-6.90%,"353,729",0.50%,"421,161",9.20%,"22,600",4.10%,"222,580",-10.50%,"47,213",3.80%,"33,001",-5.40%,"63,715",9.00%,"102,993",-3.60%,38,-50.60%,640,-25.40%,"11,521",-25.00%,"165,328",72.10%,"18,112",57.80%,,
2016년,누계,"22,383,190",15.90%,,"5,090,302",27.20%,"4,762,163",7.20%,"884,397",34.30%,"1,392,367",12.00%,"1,464,218",6.60%,"1,543,883",34.00%,"662,263",19.50%,"566,503",-1.80%,"14,520",1.00%,"1,475,081",10.10%,"357,194",-9.60%,"343,887",-2.80%,"444,439",5.50%,"28,300",25.20%,"106,904",-52.00%,"57,587",22.00%,"29,580",-10.40%,"64,397",1.10%,"111,076",7.80%,167,339.50%,"1,035",61.70%,"10,671",-7.40%,"173,260",4.80%,,,,
2017년,누계,"26,496,447",18.40%,,"7,140,165",40.30%,"3,854,869",-19.10%,"1,054,380",19.20%,"1,487,670",6.80%,"1,717,867",17.30%,"2,415,245",56.40%,"874,253",32.00%,"631,297",11.40%,"15,963",9.90%,"1,607,821",9.00%,"345,081",-3.40%,"423,191",23.10%,"484,528",9.00%,"40,300",42.40%,"120,622",12.80%,"74,921",30.10%,"34,808",17.70%,"65,829",2.20%,,,,,"6,048",484.30%,"15,660",46.80%,,,,,,
2018년,누계,"28,695,983",8.30%,,"7,538,997",5.60%,,,"1,019,122",-3.30%,"1,421,411",-4.50%,"1,612,459",3.60%,"3,435,406",42.20%,"812,842",-7.00%,"629,451",-0.30%,"15,748",-1.30%,"1,295,862",-2.70%,,,"358,527",-15.30%,"616,783",27.30%,"45,600",13.20%,"153,112",26.90%,"84,184",12.40%,"34,400",-1.20%,"72,852",10.70%,,,,,,,,,,,,,,
2019년,누계,"5,530,277",6.80%,,"1,495,200",-1.10%,,,"231,401",4.30%,"304,919",4.80%,,,"772,182",24.60%,"185,642",9.50%,"133,482",3.70%,"3,746",-2.80%,,,,,,,,,,,"31,808",51.10%,,,"5,651",11.50%,"26,701",89.30%,,,,,,,,,,,,,,
